Date (GMT),Rate**
20 Oct 2014,12112
21 Oct 2014,11973
22 Oct 2014,11985
23 Oct 2014,12018
24 Oct 2014,12058
25 Oct 2014,12045
26 Oct 2014,12085
27 Oct 2014,12085
28 Oct 2014,12100
29 Oct 2014,12125
30 Oct 2014,12097
31 Oct 2014,12115
01 Nov 2014,12062
02 Nov 2014,12080
03 Nov 2014,12080
04 Nov 2014,12112
05 Nov 2014,12108
06 Nov 2014,12192
07 Nov 2014,12177
08 Nov 2014,12157
09 Nov 2014,12185
10 Nov 2014,12185
11 Nov 2014,12177
12 Nov 2014,12208
13 Nov 2014,12185
14 Nov 2014,12190
15 Nov 2014,12165
16 Nov 2014,12210
17 Nov 2014,12210
18 Nov 2014,12130
19 Nov 2014,12083
20 Nov 2014,12140
21 Nov 2014,12125
22 Nov 2014,12103
23 Nov 2014,12143
24 Nov 2014,12143
25 Nov 2014,12132
26 Nov 2014,12139
27 Nov 2014,12165
28 Nov 2014,12167
29 Nov 2014,12255
30 Nov 2014,12185
01 Dec 2014,12185
02 Dec 2014,12287
03 Dec 2014,12290
04 Dec 2014,12310
05 Dec 2014,12295
06 Dec 2014,12380
07 Dec 2014,12295
08 Dec 2014,12295
09 Dec 2014,12385
10 Dec 2014,12362
11 Dec 2014,12365
12 Dec 2014,12424
13 Dec 2014,12615
14 Dec 2014,12622
15 Dec 2014,12622
16 Dec 2014,12880
17 Dec 2014,12880
18 Dec 2014,12685
19 Dec 2014,12510
20 Dec 2014,12405
21 Dec 2014,12450
22 Dec 2014,12450
23 Dec 2014,12453
24 Dec 2014,12485
25 Dec 2014,12420
26 Dec 2014,12485
27 Dec 2014,12485
28 Dec 2014,12430
29 Dec 2014,12430
30 Dec 2014,12415
31 Dec 2014,12410
04 Jan 2015,12510
05 Jan 2015,12510
06 Jan 2015,12615
07 Jan 2015,12630
08 Jan 2015,12700
09 Jan 2015,12670
10 Jan 2015,12567.5
11 Jan 2015,12592.5
12 Jan 2015,12592.5
13 Jan 2015,12575
14 Jan 2015,12575
15 Jan 2015,12570
16 Jan 2015,12524
17 Jan 2015,12615
18 Jan 2015,12590
19 Jan 2015,12590
20 Jan 2015,12652
21 Jan 2015,12575
22 Jan 2015,12470
23 Jan 2015,12420
24 Jan 2015,12468
25 Jan 2015,12473
26 Jan 2015,12473
27 Jan 2015,12488
28 Jan 2015,12465
29 Jan 2015,12500
30 Jan 2015,12618
31 Jan 2015,12790
01 Feb 2015,12760
02 Feb 2015,12760
03 Feb 2015,12662
04 Feb 2015,12600
05 Feb 2015,12630
06 Feb 2015,12595
07 Feb 2015,12675
08 Feb 2015,12673
09 Feb 2015,12673
10 Feb 2015,12682
11 Feb 2015,12722
12 Feb 2015,12855
13 Feb 2015,12745
14 Feb 2015,12747
15 Feb 2015,12729.5
16 Feb 2015,12729.5
17 Feb 2015,12763
18 Feb 2015,12817
19 Feb 2015,12883
20 Feb 2015,12878
21 Feb 2015,12868
22 Feb 2015,12843
23 Feb 2015,12843
24 Feb 2015,12920
25 Feb 2015,12897
26 Feb 2015,12860
27 Feb 2015,12852
28 Feb 2015,13000
01 Mar 2015,12988
02 Mar 2015,12988
03 Mar 2015,12985
04 Mar 2015,12967.5
05 Mar 2015,13115
06 Mar 2015,13007
07 Mar 2015,13030
08 Mar 2015,13087.5
09 Mar 2015,13087.5
10 Mar 2015,13073
11 Mar 2015,13212.5
12 Mar 2015,13185
13 Mar 2015,13193
14 Mar 2015,13235
15 Mar 2015,13235
16 Mar 2015,13235
17 Mar 2015,13205
18 Mar 2015,13180
19 Mar 2015,13142
20 Mar 2015,13050
21 Mar 2015,13012
22 Mar 2015,13035
23 Mar 2015,13035
24 Mar 2015,12975
25 Mar 2015,12948
26 Mar 2015,12985
27 Mar 2015,13022.5
28 Mar 2015,13050
29 Mar 2015,13085
30 Mar 2015,13085
31 Mar 2015,13090
01 Apr 2015,13075
02 Apr 2015,12980
03 Apr 2015,13020
04 Apr 2015,12935
05 Apr 2015,12980
06 Apr 2015,12980
07 Apr 2015,12940
08 Apr 2015,12995
09 Apr 2015,12973
10 Apr 2015,12967
11 Apr 2015,12918
12 Apr 2015,12920
13 Apr 2015,12920
14 Apr 2015,13070
15 Apr 2015,12937.5
16 Apr 2015,12930
17 Apr 2015,12832
18 Apr 2015,12850
19 Apr 2015,12842.5
20 Apr 2015,12842.5
21 Apr 2015,13031
22 Apr 2015,12953
23 Apr 2015,12935
24 Apr 2015,12940
25 Apr 2015,12952
26 Apr 2015,12952
27 Apr 2015,12952
28 Apr 2015,12955
29 Apr 2015,12937.5
30 Apr 2015,12905
01 May 2015,12972
02 May 2015,13000
03 May 2015,13010
04 May 2015,13010
05 May 2015,13017
06 May 2015,13027
07 May 2015,13025
08 May 2015,13130
09 May 2015,13060
10 May 2015,13057
11 May 2015,13057
12 May 2015,13160
13 May 2015,13170
14 May 2015,13082
15 May 2015,13023
16 May 2015,13070
17 May 2015,13062
18 May 2015,13062
19 May 2015,13172
20 May 2015,13165
21 May 2015,13102.5
22 May 2015,13123
23 May 2015,13148
24 May 2015,13160
25 May 2015,13160
26 May 2015,13183
27 May 2015,13222.5
28 May 2015,13180
29 May 2015,13195
30 May 2015,13220
31 May 2015,13210
01 Jun 2015,13210
02 Jun 2015,13210
03 Jun 2015,13200
04 Jun 2015,13240
05 Jun 2015,13285
06 Jun 2015,13388
07 Jun 2015,13398
08 Jun 2015,13398
09 Jun 2015,13355
10 Jun 2015,13340
11 Jun 2015,13225
12 Jun 2015,13292
13 Jun 2015,13317.5
14 Jun 2015,13320
15 Jun 2015,13320
16 Jun 2015,13332.5
17 Jun 2015,13337.5
18 Jun 2015,13337.5
19 Jun 2015,13340
20 Jun 2015,13320
21 Jun 2015,13320
22 Jun 2015,13320
23 Jun 2015,13292
24 Jun 2015,13277
25 Jun 2015,13320
26 Jun 2015,13303
27 Jun 2015,13312.5
28 Jun 2015,13332
29 Jun 2015,13332
30 Jun 2015,13327
01 Jul 2015,13352
02 Jul 2015,13335
03 Jul 2015,13293
04 Jul 2015,13355
05 Jul 2015,13350
06 Jul 2015,13350
07 Jul 2015,13295
08 Jul 2015,13358
09 Jul 2015,13365
10 Jul 2015,13320
11 Jul 2015,13317.5
12 Jul 2015,13308
13 Jul 2015,13308
14 Jul 2015,13288
15 Jul 2015,13295
16 Jul 2015,13344.5
17 Jul 2015,13345
18 Jul 2015,13355
19 Jul 2015,13360
20 Jul 2015,13360
21 Jul 2015,13350
22 Jul 2015,13369
23 Jul 2015,13422
24 Jul 2015,13440
25 Jul 2015,13470
26 Jul 2015,13440
27 Jul 2015,13440
28 Jul 2015,13478
29 Jul 2015,13443
30 Jul 2015,13448
31 Jul 2015,13521
01 Aug 2015,13490
02 Aug 2015,13505
03 Aug 2015,13505
04 Aug 2015,13467
05 Aug 2015,13512
06 Aug 2015,13512.5
07 Aug 2015,13545
08 Aug 2015,13525
09 Aug 2015,13513
10 Aug 2015,13513
11 Aug 2015,13505
12 Aug 2015,13698
13 Aug 2015,13895
14 Aug 2015,13777
15 Aug 2015,13815
16 Aug 2015,13815
17 Aug 2015,13815
18 Aug 2015,13868
19 Aug 2015,13853
20 Aug 2015,13820
21 Aug 2015,13900
22 Aug 2015,13985
23 Aug 2015,14015
24 Aug 2015,14015
25 Aug 2015,14110
26 Aug 2015,14010
27 Aug 2015,14105
28 Aug 2015,13997
29 Aug 2015,13995
30 Aug 2015,14010
31 Aug 2015,14010
01 Sep 2015,14110
02 Sep 2015,14090
03 Sep 2015,14133
04 Sep 2015,14170
05 Sep 2015,14288
06 Sep 2015,14290
07 Sep 2015,14290
08 Sep 2015,14310
09 Sep 2015,14270
10 Sep 2015,14265
11 Sep 2015,14295
12 Sep 2015,14295
13 Sep 2015,14320
14 Sep 2015,14320
15 Sep 2015,14335
16 Sep 2015,14423
17 Sep 2015,14428
18 Sep 2015,14452
19 Sep 2015,14368
20 Sep 2015,14413
21 Sep 2015,14413
22 Sep 2015,14460
23 Sep 2015,14625
24 Sep 2015,14683
25 Sep 2015,14765
26 Sep 2015,14647
27 Sep 2015,14667
28 Sep 2015,14667
29 Sep 2015,14707
30 Sep 2015,14682
01 Oct 2015,14637
02 Oct 2015,14660
03 Oct 2015,14663
04 Oct 2015,14722.5
05 Oct 2015,14722.5
06 Oct 2015,14450
07 Oct 2015,14157
08 Oct 2015,13860
09 Oct 2015,13750
10 Oct 2015,13420
11 Oct 2015,13420
12 Oct 2015,13420
13 Oct 2015,13512
14 Oct 2015,13598
15 Oct 2015,13470
16 Oct 2015,13475
17 Oct 2015,13535
18 Oct 2015,13525
19 Oct 2015,13525
20 Oct 2015,13660
21 Oct 2015,13720
22 Oct 2015,13790
23 Oct 2015,13535
24 Oct 2015,13610
25 Oct 2015,13605
26 Oct 2015,13605
27 Oct 2015,13560
28 Oct 2015,13652
29 Oct 2015,13525
30 Oct 2015,13635
31 Oct 2015,13719
01 Nov 2015,13685
02 Nov 2015,13685
03 Nov 2015,13597.5
04 Nov 2015,13575
05 Nov 2015,13540
06 Nov 2015,13555
07 Nov 2015,13715
08 Nov 2015,13660
09 Nov 2015,13660
10 Nov 2015,13702
11 Nov 2015,13595
12 Nov 2015,13607.5
13 Nov 2015,13645
14 Nov 2015,13765
15 Nov 2015,13773
16 Nov 2015,13773
17 Nov 2015,13773
18 Nov 2015,13737
19 Nov 2015,13803
20 Nov 2015,13695
21 Nov 2015,13607
22 Nov 2015,13635
23 Nov 2015,13635
24 Nov 2015,13697
25 Nov 2015,13637.5
26 Nov 2015,13690
27 Nov 2015,13780
28 Nov 2015,13833
29 Nov 2015,13788
30 Nov 2015,13788
01 Dec 2015,13870
02 Dec 2015,13830
03 Dec 2015,13822
04 Dec 2015,13838
05 Dec 2015,13810
06 Dec 2015,13808
07 Dec 2015,13808
08 Dec 2015,13862
09 Dec 2015,14035.5
10 Dec 2015,14005
11 Dec 2015,13963
12 Dec 2015,14125
13 Dec 2015,14170
14 Dec 2015,14170
15 Dec 2015,14075
16 Dec 2015,14042
17 Dec 2015,14010
18 Dec 2015,14030
19 Dec 2015,13843
20 Dec 2015,13905
21 Dec 2015,13905
22 Dec 2015,13740
23 Dec 2015,13640
24 Dec 2015,13642
25 Dec 2015,13650
26 Dec 2015,13645
27 Dec 2015,13645
28 Dec 2015,13645
29 Dec 2015,13593.5
30 Dec 2015,13685
31 Dec 2015,13858
01 Jan 2016,13875
02 Jan 2016,13790
03 Jan 2016,13790
04 Jan 2016,13790
05 Jan 2016,13975
06 Jan 2016,13868
07 Jan 2016,13875
08 Jan 2016,13840
09 Jan 2016,13930
10 Jan 2016,13930
11 Jan 2016,13930
12 Jan 2016,13837.5
13 Jan 2016,13850
14 Jan 2016,13802
15 Jan 2016,13880
16 Jan 2016,13987
17 Jan 2016,13983
18 Jan 2016,13983
19 Jan 2016,13930
20 Jan 2016,13842
21 Jan 2016,13975
22 Jan 2016,13839
23 Jan 2016,13800
24 Jan 2016,13797
25 Jan 2016,13797
26 Jan 2016,13863
27 Jan 2016,13830
28 Jan 2016,13847
29 Jan 2016,13820
30 Jan 2016,13703
31 Jan 2016,13685
01 Feb 2016,13685
02 Feb 2016,13645
03 Feb 2016,13717
04 Feb 2016,13750
05 Feb 2016,13610
06 Feb 2016,13635
07 Feb 2016,13635
08 Feb 2016,13635
09 Feb 2016,13688
10 Feb 2016,13610
11 Feb 2016,13455
12 Feb 2016,13495
13 Feb 2016,13487
14 Feb 2016,13505
15 Feb 2016,13505
16 Feb 2016,13395
17 Feb 2016,13510
18 Feb 2016,13435
19 Feb 2016,13540
20 Feb 2016,13480
21 Feb 2016,13477
22 Feb 2016,13477
23 Feb 2016,13400
24 Feb 2016,13425
25 Feb 2016,13432.5
26 Feb 2016,13457
27 Feb 2016,13405
28 Feb 2016,13435
29 Feb 2016,13435
01 Mar 2016,13345
02 Mar 2016,13335
03 Mar 2016,13261.5
04 Mar 2016,13177
05 Mar 2016,13015
06 Mar 2016,13038
07 Mar 2016,13038
08 Mar 2016,13040
09 Mar 2016,13183
10 Mar 2016,13112
11 Mar 2016,13192.5
12 Mar 2016,13015
13 Mar 2016,12993
14 Mar 2016,12993
15 Mar 2016,13060
16 Mar 2016,13183
17 Mar 2016,13298
18 Mar 2016,12990
19 Mar 2016,13092
20 Mar 2016,13088
21 Mar 2016,13088
22 Mar 2016,13188
23 Mar 2016,13141
24 Mar 2016,13228
25 Mar 2016,13296
26 Mar 2016,13265
27 Mar 2016,13270
28 Mar 2016,13270
29 Mar 2016,13375
30 Mar 2016,13315
31 Mar 2016,13248
01 Apr 2016,13142
02 Apr 2016,13120
03 Apr 2016,13137
04 Apr 2016,13137
05 Apr 2016,13140
06 Apr 2016,13260
07 Apr 2016,13195
08 Apr 2016,13207
09 Apr 2016,13127.5
10 Apr 2016,13125
11 Apr 2016,13125
12 Apr 2016,13105
13 Apr 2016,13078
14 Apr 2016,13188
15 Apr 2016,13179
16 Apr 2016,13185
17 Apr 2016,13182.5
18 Apr 2016,13182.5
19 Apr 2016,13119
20 Apr 2016,13092
21 Apr 2016,13169
22 Apr 2016,13170
23 Apr 2016,13205
24 Apr 2016,13207.5
25 Apr 2016,13207.5
26 Apr 2016,13217.5
27 Apr 2016,13183
28 Apr 2016,13185
29 Apr 2016,13175
30 Apr 2016,13213
01 May 2016,13190
02 May 2016,13190
03 May 2016,13138
04 May 2016,13254
05 May 2016,13362
06 May 2016,13355
07 May 2016,13329
08 May 2016,13357.5
09 May 2016,13357.5
10 May 2016,13380
11 May 2016,13315
12 May 2016,13305
13 May 2016,13305
14 May 2016,13340
15 May 2016,13337
16 May 2016,13337
17 May 2016,13330
18 May 2016,13322
19 May 2016,13408
20 May 2016,13615
21 May 2016,13610
22 May 2016,13617.5
23 May 2016,13617.5
24 May 2016,13575
25 May 2016,13652
26 May 2016,13611
27 May 2016,13555
28 May 2016,13610
29 May 2016,13605
30 May 2016,13605
31 May 2016,13641
01 Jun 2016,13638
02 Jun 2016,13678
03 Jun 2016,13660
04 Jun 2016,13467.5
05 Jun 2016,13423
06 Jun 2016,13423
07 Jun 2016,13367
08 Jun 2016,13217
09 Jun 2016,13265
10 Jun 2016,13267
11 Jun 2016,13343
12 Jun 2016,13353
13 Jun 2016,13353
14 Jun 2016,13317
15 Jun 2016,13405
16 Jun 2016,13348
17 Jun 2016,13395
18 Jun 2016,13342
19 Jun 2016,13337
20 Jun 2016,13337
21 Jun 2016,13240
22 Jun 2016,13237.5
23 Jun 2016,13250
24 Jun 2016,13102
25 Jun 2016,13420
26 Jun 2016,13425
27 Jun 2016,13425
28 Jun 2016,13385
29 Jun 2016,13215.5
30 Jun 2016,13153
01 Jul 2016,13195
02 Jul 2016,13115
03 Jul 2016,13120
04 Jul 2016,13120
05 Jul 2016,13100
06 Jul 2016,13173
07 Jul 2016,13125
08 Jul 2016,13220
09 Jul 2016,13110
10 Jul 2016,13125
11 Jul 2016,13125
12 Jul 2016,13120
13 Jul 2016,13090
14 Jul 2016,13045
15 Jul 2016,13045
16 Jul 2016,13122
17 Jul 2016,13107
18 Jul 2016,13107
19 Jul 2016,13093
20 Jul 2016,13095
21 Jul 2016,13123
22 Jul 2016,13105.5
23 Jul 2016,13123
24 Jul 2016,13118
25 Jul 2016,13118
26 Jul 2016,13140
27 Jul 2016,13170
28 Jul 2016,13142
29 Jul 2016,13073
30 Jul 2016,13057
31 Jul 2016,13067.5
01 Aug 2016,13067.5
02 Aug 2016,13020
03 Aug 2016,13092
04 Aug 2016,13154
05 Aug 2016,13110
06 Aug 2016,13123
07 Aug 2016,13127
08 Aug 2016,13127
09 Aug 2016,13132
10 Aug 2016,13105
11 Aug 2016,13083
12 Aug 2016,13087
13 Aug 2016,13105
14 Aug 2016,13115
15 Aug 2016,13115
16 Aug 2016,13066
17 Aug 2016,13105
18 Aug 2016,13147
19 Aug 2016,13105
20 Aug 2016,13178
21 Aug 2016,13155
22 Aug 2016,13172
23 Aug 2016,13216
24 Aug 2016,13223
25 Aug 2016,13241.5
26 Aug 2016,13265
27 Aug 2016,13269
28 Aug 2016,13301
29 Aug 2016,13308
30 Aug 2016,13262
31 Aug 2016,13297
01 Sep 2016,13292
02 Sep 2016,13247
03 Sep 2016,13204
04 Sep 2016,13202
05 Sep 2016,13202
06 Sep 2016,13133
07 Sep 2016,13072
08 Sep 2016,13058
09 Sep 2016,13096
10 Sep 2016,13173
11 Sep 2016,13184
12 Sep 2016,13099.5
13 Sep 2016,13170
14 Sep 2016,13250
15 Sep 2016,13209
16 Sep 2016,13143
17 Sep 2016,13177
18 Sep 2016,13170
19 Sep 2016,13170
20 Sep 2016,13146
21 Sep 2016,13145
22 Sep 2016,13110
23 Sep 2016,13045
24 Sep 2016,13079
25 Sep 2016,13085
26 Sep 2016,13085
27 Sep 2016,13029
28 Sep 2016,12930
29 Sep 2016,12957
30 Sep 2016,13004
01 Oct 2016,13024
02 Oct 2016,13021
03 Oct 2016,13019
04 Oct 2016,12982
05 Oct 2016,13033
06 Oct 2016,13035
07 Oct 2016,13021
08 Oct 2016,12971
09 Oct 2016,12974
10 Oct 2016,12969
11 Oct 2016,13058
12 Oct 2016,13037
13 Oct 2016,13070
14 Oct 2016,13071
15 Oct 2016,13076
16 Oct 2016,13085
17 Oct 2016,13059
18 Oct 2016,13018
19 Oct 2016,12992
20 Oct 2016,13018
21 Oct 2016,13037
22 Oct 2016,13053
23 Oct 2016,13053
24 Oct 2016,13037
25 Oct 2016,12994
26 Oct 2016,13017
27 Oct 2016,13045
28 Oct 2016,13070
29 Oct 2016,13070
30 Oct 2016,13070
31 Oct 2016,13046
01 Nov 2016,13058
02 Nov 2016,13053
03 Nov 2016,13074
04 Nov 2016,13108
05 Nov 2016,13120
06 Nov 2016,13120
07 Nov 2016,13110
08 Nov 2016,13077
09 Nov 2016,13153
10 Nov 2016,13461
11 Nov 2016,13510.5
12 Nov 2016,13365
13 Nov 2016,13365
14 Nov 2016,13515.5
15 Nov 2016,13328
16 Nov 2016,13508
17 Nov 2016,13397
18 Nov 2016,13340
19 Nov 2016,13370
20 Nov 2016,13370
21 Nov 2016,13445.5
22 Nov 2016,13437
23 Nov 2016,13615.5
24 Nov 2016,13550
25 Nov 2016,13528
26 Nov 2016,13515
27 Nov 2016,13541
28 Nov 2016,13516
29 Nov 2016,13543
30 Nov 2016,13600
01 Dec 2016,13530
02 Dec 2016,13469.5
03 Dec 2016,13467
04 Dec 2016,13467
05 Dec 2016,13437
06 Dec 2016,13382.5
07 Dec 2016,13290
08 Dec 2016,13301
09 Dec 2016,13346
10 Dec 2016,13352
11 Dec 2016,13352
12 Dec 2016,13292
13 Dec 2016,13267.75
14 Dec 2016,13285
15 Dec 2016,13427
16 Dec 2016,13402.25
17 Dec 2016,13416
18 Dec 2016,13416
19 Dec 2016,13387
20 Dec 2016,13455.25
21 Dec 2016,13450.25
22 Dec 2016,13463
23 Dec 2016,13435.75
24 Dec 2016,13440
25 Dec 2016,13440
26 Dec 2016,13429.5
27 Dec 2016,13444.25
28 Dec 2016,13485.25
29 Dec 2016,13471.25
30 Dec 2016,13486
31 Dec 2016,13525
01 Jan 2017,13525
02 Jan 2017,13535.5
03 Jan 2017,13470
04 Jan 2017,13345.5
05 Jan 2017,13332.5
06 Jan 2017,13329
07 Jan 2017,13349
08 Jan 2017,13349
09 Jan 2017,13300
10 Jan 2017,13271
11 Jan 2017,13315.5
12 Jan 2017,13275
13 Jan 2017,13344
14 Jan 2017,13320
15 Jan 2017,13320
16 Jan 2017,13346
17 Jan 2017,13305
18 Jan 2017,13353
19 Jan 2017,13390
20 Jan 2017,13427
21 Jan 2017,13400
22 Jan 2017,13400
23 Jan 2017,13341
24 Jan 2017,13322
25 Jan 2017,13343
26 Jan 2017,13395
27 Jan 2017,13347
28 Jan 2017,13364
29 Jan 2017,13364
30 Jan 2017,13327.25
31 Jan 2017,13350
01 Feb 2017,13397.75
02 Feb 2017,13330.25
03 Feb 2017,13315.25
04 Feb 2017,13325
05 Feb 2017,13325
06 Feb 2017,13305.75
07 Feb 2017,13320.75
08 Feb 2017,13314.25
09 Feb 2017,13297
10 Feb 2017,13302.75
11 Feb 2017,13320
12 Feb 2017,13319
13 Feb 2017,13328
14 Feb 2017,13324
15 Feb 2017,13320.25
16 Feb 2017,13347.25
17 Feb 2017,13342
18 Feb 2017,13345
19 Feb 2017,13345
20 Feb 2017,13342.5
21 Feb 2017,13360
22 Feb 2017,13342
23 Feb 2017,13311
24 Feb 2017,13340
25 Feb 2017,13330
26 Feb 2017,13330
27 Feb 2017,13355
28 Feb 2017,13346
01 Mar 2017,13340
02 Mar 2017,13383
03 Mar 2017,13373
04 Mar 2017,13323
05 Mar 2017,13323
06 Mar 2017,13322.75
07 Mar 2017,13337.75
08 Mar 2017,13407
09 Mar 2017,13394
10 Mar 2017,13363
11 Mar 2017,13356
12 Mar 2017,13356
13 Mar 2017,13365.25
14 Mar 2017,13361.5
15 Mar 2017,13362.5
16 Mar 2017,13327
17 Mar 2017,13335.25
18 Mar 2017,13347
19 Mar 2017,13347
20 Mar 2017,13300.5
21 Mar 2017,13315.5
22 Mar 2017,13333.5
23 Mar 2017,13318.75
24 Mar 2017,13299.75
25 Mar 2017,13300
26 Mar 2017,13300
27 Mar 2017,13321
28 Mar 2017,13314
29 Mar 2017,13304
30 Mar 2017,13305
31 Mar 2017,13318
02 Apr 2017,13320
03 Apr 2017,13325
04 Apr 2017,13326
05 Apr 2017,13338
06 Apr 2017,13327
07 Apr 2017,13338
08 Apr 2017,13342
09 Apr 2017,13342
10 Apr 2017,13270
11 Apr 2017,13299.5
12 Apr 2017,13283
13 Apr 2017,13261
14 Apr 2017,13276
15 Apr 2017,13288
16 Apr 2017,13289
17 Apr 2017,13283
18 Apr 2017,13300
19 Apr 2017,13343
20 Apr 2017,13323
21 Apr 2017,13347
22 Apr 2017,13299
23 Apr 2017,13289
24 Apr 2017,13290
25 Apr 2017,13284
26 Apr 2017,13315
27 Apr 2017,13313
28 Apr 2017,13328
29 Apr 2017,13351
30 Apr 2017,13343
01 May 2017,13333
02 May 2017,13312
04 May 2017,13342
05 May 2017,13335
06 May 2017,13322
07 May 2017,13322
08 May 2017,13305
09 May 2017,13361
10 May 2017,13347
11 May 2017,13341
12 May 2017,13328
13 May 2017,13322
14 May 2017,13332
15 May 2017,13313
16 May 2017,13299
17 May 2017,13303
18 May 2017,13408
20 May 2017,13329
21 May 2017,13330
22 May 2017,13270
23 May 2017,13300
24 May 2017,13313
25 May 2017,13309
26 May 2017,13313
27 May 2017,13295
28 May 2017,13295
29 May 2017,13322
30 May 2017,13315.5
31 May 2017,13303
01 Jun 2017,13300
02 Jun 2017,13285.5
03 Jun 2017,13311
04 Jun 2017,13311
05 Jun 2017,13286
06 Jun 2017,13285
07 Jun 2017,13319
08 Jun 2017,13299
09 Jun 2017,13294
10 Jun 2017,13296
11 Jun 2017,13288
12 Jun 2017,13288
13 Jun 2017,13302
14 Jun 2017,13267
15 Jun 2017,13285
16 Jun 2017,13286
17 Jun 2017,13295
18 Jun 2017,13295
19 Jun 2017,13291
20 Jun 2017,13324
21 Jun 2017,13308
22 Jun 2017,13298
23 Jun 2017,13333
24 Jun 2017,13316
25 Jun 2017,13295
26 Jun 2017,13300
27 Jun 2017,13317.5
28 Jun 2017,13312
29 Jun 2017,13322
30 Jun 2017,13337
01 Jul 2017,13302
02 Jul 2017,13302
03 Jul 2017,13404
04 Jul 2017,13369
05 Jul 2017,13385
06 Jul 2017,13392
07 Jul 2017,13413
08 Jul 2017,13412
09 Jul 2017,13412
10 Jul 2017,13404
11 Jul 2017,13369
12 Jul 2017,13325
13 Jul 2017,13342
14 Jul 2017,13297.5
15 Jul 2017,13300
16 Jul 2017,13300
17 Jul 2017,13297
18 Jul 2017,13307
19 Jul 2017,13352
20 Jul 2017,13315
21 Jul 2017,13337
22 Jul 2017,13329
23 Jul 2017,13329
24 Jul 2017,13323
25 Jul 2017,13333.5
26 Jul 2017,13324
27 Jul 2017,13319
28 Jul 2017,13331.5
29 Jul 2017,13327
30 Jul 2017,13327
31 Jul 2017,13318.5
01 Aug 2017,13318
02 Aug 2017,13322.5
03 Aug 2017,13330
04 Aug 2017,13319.5
05 Aug 2017,13319.5
06 Aug 2017,13316
07 Aug 2017,13324
08 Aug 2017,13077
09 Aug 2017,13095
10 Aug 2017,13097
11 Aug 2017,13357
12 Aug 2017,13358
13 Aug 2017,13358
14 Aug 2017,13341.5
15 Aug 2017,13363.5
16 Aug 2017,13370.5
17 Aug 2017,13358.5
18 Aug 2017,13362
19 Aug 2017,13360.5
20 Aug 2017,13362
21 Aug 2017,13349
23 Aug 2017,13357
24 Aug 2017,13348
25 Aug 2017,13331
26 Aug 2017,13348
27 Aug 2017,13348
28 Aug 2017,13325
29 Aug 2017,13351
30 Aug 2017,13344
31 Aug 2017,13331
01 Sep 2017,13338
02 Sep 2017,13340
03 Sep 2017,13342
04 Sep 2017,13335
05 Sep 2017,13322
06 Sep 2017,13313
07 Sep 2017,13295
08 Sep 2017,13156
09 Sep 2017,13204
10 Sep 2017,13202
11 Sep 2017,13171
12 Sep 2017,13199
13 Sep 2017,13228
14 Sep 2017,13282
15 Sep 2017,13254
16 Sep 2017,13253
17 Sep 2017,13250
18 Sep 2017,13269
19 Sep 2017,13278
20 Sep 2017,13267
21 Sep 2017,13328
22 Sep 2017,13295
23 Sep 2017,13293
24 Sep 2017,13313
25 Sep 2017,13330
26 Sep 2017,13393
27 Sep 2017,13431
28 Sep 2017,13473
29 Sep 2017,13466
30 Sep 2017,13465
01 Oct 2017,13472
02 Oct 2017,13577
03 Oct 2017,13516
04 Oct 2017,13455
05 Oct 2017,13467.5
06 Oct 2017,13522.5
07 Oct 2017,13504
08 Oct 2017,13504
09 Oct 2017,13517
10 Oct 2017,13495
11 Oct 2017,13515
12 Oct 2017,13512
14 Oct 2017,13433
15 Oct 2017,13499
16 Oct 2017,13475
17 Oct 2017,13506
18 Oct 2017,13492
19 Oct 2017,13541
20 Oct 2017,13525
21 Oct 2017,13523
22 Oct 2017,13523
23 Oct 2017,13538
24 Oct 2017,13538
25 Oct 2017,13572
26 Oct 2017,13627
27 Oct 2017,13597
28 Oct 2017,13598
29 Oct 2017,13595
30 Oct 2017,13558
31 Oct 2017,13564.5
01 Nov 2017,13552
02 Nov 2017,13521.5
03 Nov 2017,13535
04 Nov 2017,13487
05 Nov 2017,13487
06 Nov 2017,13503.5
07 Nov 2017,13533
08 Nov 2017,13496.75
09 Nov 2017,13525
10 Nov 2017,13538
11 Nov 2017,13545
12 Nov 2017,13545
13 Nov 2017,13569
14 Nov 2017,13540.75
15 Nov 2017,13549
16 Nov 2017,13526
17 Nov 2017,13515
18 Nov 2017,13515
19 Nov 2017,13515
20 Nov 2017,13525.75
21 Nov 2017,13510
22 Nov 2017,13498.5
23 Nov 2017,13480
24 Nov 2017,13502.75
25 Nov 2017,13505
26 Nov 2017,13505
27 Nov 2017,13513
28 Nov 2017,13508.5
29 Nov 2017,13514
30 Nov 2017,13543
01 Dec 2017,13531
02 Dec 2017,13533
03 Dec 2017,13533
04 Dec 2017,13508.5
05 Dec 2017,13524
06 Dec 2017,13552.5
07 Dec 2017,13542.5
08 Dec 2017,13547.5
09 Dec 2017,13545
11 Dec 2017,13554
12 Dec 2017,13625
13 Dec 2017,13593
14 Dec 2017,13553
15 Dec 2017,13577
16 Dec 2017,13575
17 Dec 2017,13575
18 Dec 2017,13583
19 Dec 2017,13591
20 Dec 2017,13567.5
21 Dec 2017,13551
22 Dec 2017,13559
23 Dec 2017,13554
24 Dec 2017,13554
25 Dec 2017,13556.25
26 Dec 2017,13554
27 Dec 2017,13561
28 Dec 2017,13524.5
29 Dec 2017,13540
30 Dec 2017,13543
31 Dec 2017,13484
01 Jan 2018,13549
02 Jan 2018,13489.5
03 Jan 2018,13438
04 Jan 2018,13420.5
05 Jan 2018,13412
06 Jan 2018,13418
07 Jan 2018,13418
08 Jan 2018,13434
09 Jan 2018,13435.5
10 Jan 2018,13444
11 Jan 2018,13362
12 Jan 2018,13333
13 Jan 2018,13302
14 Jan 2018,13302
15 Jan 2018,13310.5
16 Jan 2018,13334
17 Jan 2018,13333.75
18 Jan 2018,13345
19 Jan 2018,13332.75
20 Jan 2018,13322
21 Jan 2018,13322
22 Jan 2018,13354
23 Jan 2018,13347.25
24 Jan 2018,13304.25
25 Jan 2018,13270
26 Jan 2018,13327.25
27 Jan 2018,13306
28 Jan 2018,13306
29 Jan 2018,13403
30 Jan 2018,13409.5
31 Jan 2018,13392.25
01 Feb 2018,13399.75
02 Feb 2018,13512
03 Feb 2018,13418
04 Feb 2018,13418
05 Feb 2018,13504
06 Feb 2018,13555
07 Feb 2018,13573.25
08 Feb 2018,13683
09 Feb 2018,13670
10 Feb 2018,13613
11 Feb 2018,13613
12 Feb 2018,13627.75
13 Feb 2018,13633
14 Feb 2018,13606
15 Feb 2018,13520.75
16 Feb 2018,13548
17 Feb 2018,13559
18 Feb 2018,13559
19 Feb 2018,13550
20 Feb 2018,13567
21 Feb 2018,13618
22 Feb 2018,13660.5
23 Feb 2018,13677.75
24 Feb 2018,13659
25 Feb 2018,13659
26 Feb 2018,13658
27 Feb 2018,13698
28 Feb 2018,13770
01 Mar 2018,13780
02 Mar 2018,13757.5
03 Mar 2018,13758
04 Mar 2018,13758
05 Mar 2018,13747
06 Mar 2018,13728
07 Mar 2018,13758.5
08 Mar 2018,13821
09 Mar 2018,13764.5
10 Mar 2018,13780
11 Mar 2018,13780
12 Mar 2018,13760
13 Mar 2018,13723.5
14 Mar 2018,13737
15 Mar 2018,13756
16 Mar 2018,13768.75
17 Mar 2018,13751
18 Mar 2018,13751
19 Mar 2018,13785
20 Mar 2018,13760.5
21 Mar 2018,13767
22 Mar 2018,13760
23 Mar 2018,13774
24 Mar 2018,13784
25 Mar 2018,13784
26 Mar 2018,13727
27 Mar 2018,13720
28 Mar 2018,13749.25
29 Mar 2018,13727.75
30 Mar 2018,13736
01 Apr 2018,13755
02 Apr 2018,13761
03 Apr 2018,13740
04 Apr 2018,13767
05 Apr 2018,13783.8
06 Apr 2018,13775.8
07 Apr 2018,13770
08 Apr 2018,13770
09 Apr 2018,13773
10 Apr 2018,13746
11 Apr 2018,13757
12 Apr 2018,13782
13 Apr 2018,13738
14 Apr 2018,13776
15 Apr 2018,13776
16 Apr 2018,13778
17 Apr 2018,13806
18 Apr 2018,13762.8
19 Apr 2018,13832.8
20 Apr 2018,13932
21 Apr 2018,13850
22 Apr 2018,13850
23 Apr 2018,13960.75
24 Apr 2018,13866
25 Apr 2018,13863.25
26 Apr 2018,13867.7
27 Apr 2018,13882
28 Apr 2018,13845
29 Apr 2018,13845
30 Apr 2018,13900
01 May 2018,13971.75
02 May 2018,13992.85
03 May 2018,13951.25
04 May 2018,13935.75
05 May 2018,13930.6
06 May 2018,13930.6
07 May 2018,14016.25
08 May 2018,14015.05
09 May 2018,14107.55
10 May 2018,14010.15
11 May 2018,13974.05
12 May 2018,13950
13 May 2018,13950
14 May 2018,13999.8
15 May 2018,14184.3
16 May 2018,14030.8
17 May 2018,14076.3
18 May 2018,14143.25
19 May 2018,14141
20 May 2018,14141
21 May 2018,14168.8
22 May 2018,14116.7
23 May 2018,14179
24 May 2018,14138.3
25 May 2018,14036.75
26 May 2018,14120
27 May 2018,14053
28 May 2018,14002
29 May 2018,14069.75
30 May 2018,13937.35
31 May 2018,13913.7
01 Jun 2018,13825
02 Jun 2018,13829
03 Jun 2018,13829
04 Jun 2018,13867
05 Jun 2018,13884
06 Jun 2018,13933.5
07 Jun 2018,13933.9
08 Jun 2018,13952
09 Jun 2018,13940
10 Jun 2018,13940
11 Jun 2018,13978.75
12 Jun 2018,13965.5
13 Jun 2018,13949.6
14 Jun 2018,13968.3
15 Jun 2018,14086.4
16 Jun 2018,14072.3
17 Jun 2018,13930
18 Jun 2018,14107.5
19 Jun 2018,14121.65
20 Jun 2018,14091
21 Jun 2018,14076.75
22 Jun 2018,14082.35
23 Jun 2018,14089.05
24 Jun 2018,14089.05
25 Jun 2018,14147.2
26 Jun 2018,14193
27 Jun 2018,14232.8
28 Jun 2018,14344.5
29 Jun 2018,14273.4
30 Jun 2018,14280
01 Jul 2018,14280
02 Jul 2018,14396
03 Jul 2018,14351
04 Jul 2018,14372.5
05 Jul 2018,14380
06 Jul 2018,14340
07 Jul 2018,14344
08 Jul 2018,14344
09 Jul 2018,14291.6
10 Jul 2018,14337
11 Jul 2018,14376.95
12 Jul 2018,14339.25
13 Jul 2018,14388.2
14 Jul 2018,14380
15 Jul 2018,14380
16 Jul 2018,14394.75
17 Jul 2018,14381
18 Jul 2018,14400
19 Jul 2018,14496
20 Jul 2018,14504.2
21 Jul 2018,14491
22 Jul 2018,14480
23 Jul 2018,14502.8
24 Jul 2018,14547.1
25 Jul 2018,14446.25
26 Jul 2018,14455.7
27 Jul 2018,14374.35
28 Jul 2018,14377
29 Jul 2018,14418
30 Jul 2018,14397.8
31 Jul 2018,14400.3
01 Aug 2018,14450.4
02 Aug 2018,14496.8
03 Aug 2018,14474.4
04 Aug 2018,14475.9
05 Aug 2018,14493
06 Aug 2018,14488.85
07 Aug 2018,14438
08 Aug 2018,14432
09 Aug 2018,14414.25
10 Aug 2018,14590
11 Aug 2018,14485
12 Aug 2018,14485
13 Aug 2018,14673.4
14 Aug 2018,14590
15 Aug 2018,14642.1
16 Aug 2018,14624.5
17 Aug 2018,14621.25
18 Aug 2018,14578.75
19 Aug 2018,14579
20 Aug 2018,14590.75
21 Aug 2018,14587
22 Aug 2018,14578
23 Aug 2018,14639.45
24 Aug 2018,14579.75
25 Aug 2018,14580
26 Aug 2018,14580
27 Aug 2018,14592
28 Aug 2018,14619.25
29 Aug 2018,14654.65
30 Aug 2018,14783.15
31 Aug 2018,14848.15
01 Sep 2018,14761
02 Sep 2018,14730
03 Sep 2018,14852.25
04 Sep 2018,14987.45
05 Sep 2018,14971.65
06 Sep 2018,14884.55
07 Sep 2018,14945.05
08 Sep 2018,14974.55
09 Sep 2018,14820
10 Sep 2018,14843.25
11 Sep 2018,14836
12 Sep 2018,14751.9
13 Sep 2018,14737
14 Sep 2018,14802.7
15 Sep 2018,14808
16 Sep 2018,14808
17 Sep 2018,14901.25
18 Sep 2018,14894
19 Sep 2018,14836
20 Sep 2018,14815.05
21 Sep 2018,14860.5
22 Sep 2018,14819
23 Sep 2018,14819
24 Sep 2018,14902.65
25 Sep 2018,14930.55
26 Sep 2018,14931.55
27 Sep 2018,14912
28 Sep 2018,14911
29 Sep 2018,14897
30 Sep 2018,14897
01 Oct 2018,14949
02 Oct 2018,15036.7
03 Oct 2018,15116.75
04 Oct 2018,15211.75
05 Oct 2018,15222.6
06 Oct 2018,15152.5
07 Oct 2018,15180
08 Oct 2018,15259.5
09 Oct 2018,15230
10 Oct 2018,15223.1
11 Oct 2018,15170.3
12 Oct 2018,15205
13 Oct 2018,15188
14 Oct 2018,15188
15 Oct 2018,15203.6
16 Oct 2018,15127.55
17 Oct 2018,15181.55
18 Oct 2018,15209.25
19 Oct 2018,15172.5
20 Oct 2018,15171.55
21 Oct 2018,15171.55
22 Oct 2018,15201.5
23 Oct 2018,15179.25
24 Oct 2018,15202.15
25 Oct 2018,15181.25
26 Oct 2018,15194.75
27 Oct 2018,15190.65
28 Oct 2018,15217
29 Oct 2018,15216.85
30 Oct 2018,15211.85
31 Oct 2018,15219.55
01 Nov 2018,15081.05
02 Nov 2018,14921.25
03 Nov 2018,14953
04 Nov 2018,14953
05 Nov 2018,14934.55
06 Nov 2018,14786.65
07 Nov 2018,14595.55
08 Nov 2018,14602.75
09 Nov 2018,14754.5
10 Nov 2018,14685
11 Nov 2018,14685
12 Nov 2018,14857.15
13 Nov 2018,14811.75
14 Nov 2018,14757.25
15 Nov 2018,14616.35
16 Nov 2018,14554
17 Nov 2018,14612
18 Nov 2018,14612
19 Nov 2018,14577.25
20 Nov 2018,14623.75
21 Nov 2018,14585.05
22 Nov 2018,14563.55
23 Nov 2018,14534.5
24 Nov 2018,14540
25 Nov 2018,14540
26 Nov 2018,14497.05
27 Nov 2018,14535.25
28 Nov 2018,14548.55
29 Nov 2018,14353.75
30 Nov 2018,14326.55
01 Dec 2018,14356.5
02 Dec 2018,14303
03 Dec 2018,14308.05
04 Dec 2018,14366.25
05 Dec 2018,14442.15
06 Dec 2018,14610.5
07 Dec 2018,14530
08 Dec 2018,14540.75
09 Dec 2018,14540.75
10 Dec 2018,14614.55
11 Dec 2018,14561.25
12 Dec 2018,14529.25
13 Dec 2018,14512.55
14 Dec 2018,14608.5
15 Dec 2018,14585
16 Dec 2018,14585
17 Dec 2018,14578.25
18 Dec 2018,14444.05
19 Dec 2018,14447.45
20 Dec 2018,14553.05
21 Dec 2018,14602.55
22 Dec 2018,14555
23 Dec 2018,14555
24 Dec 2018,14611
25 Dec 2018,14613.5
26 Dec 2018,14605.05
27 Dec 2018,14635.5
28 Dec 2018,14534.45
29 Dec 2018,14567.5
30 Dec 2018,14560
31 Dec 2018,14418.5
01 Jan 2019,14470
02 Jan 2019,14423.05
03 Jan 2019,14368.05
04 Jan 2019,14220.55
05 Jan 2019,14226
06 Jan 2019,14226
07 Jan 2019,14089.55
08 Jan 2019,14127
09 Jan 2019,14103
10 Jan 2019,14063.75
11 Jan 2019,14085.55
12 Jan 2019,14045
13 Jan 2019,14045
14 Jan 2019,14065.05
15 Jan 2019,14161
16 Jan 2019,14135.05
17 Jan 2019,14222.05
18 Jan 2019,14231
19 Jan 2019,14231.05
20 Jan 2019,14231.05
21 Jan 2019,14230.55
22 Jan 2019,14218.45
23 Jan 2019,14145.25
24 Jan 2019,14128.45
25 Jan 2019,14062.55
26 Jan 2019,14065.55
27 Jan 2019,14065.55
28 Jan 2019,14080.55
29 Jan 2019,14084.75
30 Jan 2019,14144.5
31 Jan 2019,13917.5
01 Feb 2019,13985.5
02 Feb 2019,13940
03 Feb 2019,13940
04 Feb 2019,13981.55
05 Feb 2019,13953.05
06 Feb 2019,13935.5
07 Feb 2019,13989
08 Feb 2019,14026
09 Feb 2019,14031.5
10 Feb 2019,14031.5
11 Feb 2019,14093
12 Feb 2019,14051.5
13 Feb 2019,14102.5
14 Feb 2019,14111
15 Feb 2019,14133.5
16 Feb 2019,14107
17 Feb 2019,14143
18 Feb 2019,14129.5
19 Feb 2019,14080.75
20 Feb 2019,14024
21 Feb 2019,14090
22 Feb 2019,14023.1
23 Feb 2019,14015.5
25 Feb 2019,14008
26 Feb 2019,13985.5
27 Feb 2019,14051.5
28 Feb 2019,14141
01 Mar 2019,14145
02 Mar 2019,14115
03 Mar 2019,14115
04 Mar 2019,14143
05 Mar 2019,14121
06 Mar 2019,14160.5
07 Mar 2019,14245
08 Mar 2019,14311.5
09 Mar 2019,14310
10 Mar 2019,14310
11 Mar 2019,14270
12 Mar 2019,14226.5
13 Mar 2019,14245.5
14 Mar 2019,14268.5
15 Mar 2019,14239
16 Mar 2019,14255
17 Mar 2019,14255
18 Mar 2019,14227
19 Mar 2019,14187
20 Mar 2019,14173.75
21 Mar 2019,14129
22 Mar 2019,14249
23 Mar 2019,14307.5
24 Mar 2019,14307.5
25 Mar 2019,14185
26 Mar 2019,14182.25
27 Mar 2019,14244.5
28 Mar 2019,14252
29 Mar 2019,14248
30 Mar 2019,14240
31 Mar 2019,14240
01 Apr 2019,14228
02 Apr 2019,14234.5
03 Apr 2019,14160.5
04 Apr 2019,14156
05 Apr 2019,14149
07 Apr 2019,14117
08 Apr 2019,14151
09 Apr 2019,14157
10 Apr 2019,14146
11 Apr 2019,14164
12 Apr 2019,14110.5
13 Apr 2019,14115
14 Apr 2019,14093
15 Apr 2019,14072.5
16 Apr 2019,14086
17 Apr 2019,14004
18 Apr 2019,14047
19 Apr 2019,14043
20 Apr 2019,14038.5
21 Apr 2019,14038.5
22 Apr 2019,14084
23 Apr 2019,14106
24 Apr 2019,14160
25 Apr 2019,14229.5
26 Apr 2019,14187
27 Apr 2019,14186.5
28 Apr 2019,14186.5
29 Apr 2019,14202
30 Apr 2019,14194.5
01 May 2019,14191.5
02 May 2019,14254.5
03 May 2019,14232
04 May 2019,14202
05 May 2019,14202
06 May 2019,14289
07 May 2019,14353.5
08 May 2019,14314.95
09 May 2019,14372.5
10 May 2019,14339.25
11 May 2019,14319.5
12 May 2019,14319.5
13 May 2019,14502.5
14 May 2019,14409
15 May 2019,14433
16 May 2019,14457.5
17 May 2019,14495.5
18 May 2019,14510
19 May 2019,14510
20 May 2019,14469
21 May 2019,14453.05
22 May 2019,14496.5
23 May 2019,14446.5
24 May 2019,14337
25 May 2019,14395
26 May 2019,14393
27 May 2019,14383
28 May 2019,14384.5
29 May 2019,14414.5
30 May 2019,14394
31 May 2019,14272.75
01 Jun 2019,14285.5
02 Jun 2019,14285.5
03 Jun 2019,14191.3
04 Jun 2019,14210.5
05 Jun 2019,14212
06 Jun 2019,14189.55
07 Jun 2019,14212.5
08 Jun 2019,14222
09 Jun 2019,14222
10 Jun 2019,14233.5
11 Jun 2019,14224
12 Jun 2019,14259.5
13 Jun 2019,14305.5
14 Jun 2019,14349
15 Jun 2019,14356.5
16 Jun 2019,14356.5
17 Jun 2019,14349
18 Jun 2019,14232
19 Jun 2019,14274
20 Jun 2019,14110
21 Jun 2019,14133
22 Jun 2019,14125
23 Jun 2019,14125
24 Jun 2019,14150
25 Jun 2019,14152
26 Jun 2019,14151.5
27 Jun 2019,14136.5
28 Jun 2019,14128.5
29 Jun 2019,14124.55
30 Jun 2019,14124.55
01 Jul 2019,14108
02 Jul 2019,14148
03 Jul 2019,14140.25
04 Jul 2019,14107
05 Jul 2019,14147.5
06 Jul 2019,14083
07 Jul 2019,14083
08 Jul 2019,14111.5
09 Jul 2019,14141
10 Jul 2019,14096
11 Jul 2019,14076
12 Jul 2019,13991.55
13 Jul 2019,13980.55
14 Jul 2019,14007
15 Jul 2019,13943.05
16 Jul 2019,13945
17 Jul 2019,13957.5
18 Jul 2019,13957
19 Jul 2019,13929.5
20 Jul 2019,13920
21 Jul 2019,13920
22 Jul 2019,13949
23 Jul 2019,13984
24 Jul 2019,13979
25 Jul 2019,13997.5
26 Jul 2019,14041.1
27 Jul 2019,14000.7
28 Jul 2019,14000.7
29 Jul 2019,14024.9
30 Jul 2019,14032.7
31 Jul 2019,14027.6
01 Aug 2019,14119.25
02 Aug 2019,14187
03 Aug 2019,14231.75
04 Aug 2019,14231.75
05 Aug 2019,14351.75
06 Aug 2019,14315.75
07 Aug 2019,14218.45
08 Aug 2019,14171.25
09 Aug 2019,14250.4
10 Aug 2019,14190
11 Aug 2019,14190
12 Aug 2019,14283.2
13 Aug 2019,14179.25
14 Aug 2019,14304.65
15 Aug 2019,14246.05
16 Aug 2019,14208.25
18 Aug 2019,14223.05
19 Aug 2019,14268.75
20 Aug 2019,14262.55
21 Aug 2019,14228
22 Aug 2019,14237.15
23 Aug 2019,14274.15
24 Aug 2019,14284.05
25 Aug 2019,14284.05
26 Aug 2019,14251.65
27 Aug 2019,14265.45
28 Aug 2019,14239.75
29 Aug 2019,14195.95
30 Aug 2019,14177.85
31 Aug 2019,14187
01 Sep 2019,14187
02 Sep 2019,14208.55
03 Sep 2019,14184.15
04 Sep 2019,14122.8
05 Sep 2019,14114.25
06 Sep 2019,14065.15
07 Sep 2019,14067.15
08 Sep 2019,14067.15
09 Sep 2019,14032.25
10 Sep 2019,14043.3
11 Sep 2019,14056.3
12 Sep 2019,13926.8
13 Sep 2019,13973
14 Sep 2019,13965
15 Sep 2019,13965
16 Sep 2019,14073.7
17 Sep 2019,14074.8
18 Sep 2019,14058.15
19 Sep 2019,14110.7
20 Sep 2019,14077.9
21 Sep 2019,14105.3
22 Sep 2019,14105.3
23 Sep 2019,14071.7
24 Sep 2019,14121.6
25 Sep 2019,14158.3
26 Sep 2019,14184
27 Sep 2019,14200.55
28 Sep 2019,14194.8
29 Sep 2019,14194.8
30 Sep 2019,14179.45
01 Oct 2019,14215.25
02 Oct 2019,14211
03 Oct 2019,14153.2
04 Oct 2019,14144
05 Oct 2019,14134
06 Oct 2019,14134
07 Oct 2019,14178
08 Oct 2019,14197
09 Oct 2019,14167
10 Oct 2019,14126.05
11 Oct 2019,14115.55
12 Oct 2019,14133.05
13 Oct 2019,14133.05
14 Oct 2019,14127
15 Oct 2019,14164.05
16 Oct 2019,14178.5
17 Oct 2019,14160
18 Oct 2019,14139
