Date,Price,Open,High,Low
2014-01-01,115.64,115.48,115.71,115.33
2014-01-02,116.07,115.52,116.45,115.19
2014-01-03,116.07,115.9,117.58,115.84
2014-01-06,116.87,115.91,117.48,115.84
2014-01-07,116.97,116.75,117.64,116.43
2014-01-08,116.68,116.9,117.04,116.33
2014-01-09,116.28,116.56,116.97,115.95
2014-01-10,116.77,116.18,117.16,115.57
2014-01-13,116.99,116.75,117.17,115.38
2014-01-14,115.63,116.92,117.0,115.47
2014-01-15,115.58,115.55,115.96,115.2
2014-01-16,116.11,115.5,116.36,115.17
2014-01-17,115.89,116.09,116.36,115.66
2014-01-20,116.24,115.9,116.57,115.82
2014-01-21,116.31,116.17,116.64,115.69
2014-01-22,116.15,116.23,116.79,116.01
2014-01-23,117.81,116.08,118.14,115.71
2014-01-24,119.07,117.73,119.42,117.35
2014-01-27,119.26,118.91,119.68,118.75
2014-01-28,118.39,119.2,119.53,117.99
2014-01-29,118.92,118.31,119.46,117.31
2014-01-30,118.86,118.83,119.63,118.6
2014-01-31,119.67,118.8,119.75,118.54
2014-02-03,121.2,119.62,121.47,119.13
2014-02-04,120.04,121.11,121.25,119.91
2014-02-05,120.19,119.94,120.96,119.59
2014-02-06,119.34,120.1,120.38,119.13
2014-02-07,118.82,119.21,119.87,118.47
2014-02-10,119.04,118.76,119.35,118.39
2014-02-11,118.33,119.0,119.26,118.17
2014-02-12,117.86,118.27,118.57,117.64
2014-02-13,117.21,117.81,118.36,116.94
2014-02-14,116.16,117.09,117.48,115.64
2014-02-17,115.63,116.1,116.71,114.5
2014-02-18,115.61,115.45,116.38,115.05
2014-02-19,115.03,115.46,116.29,114.56
2014-02-20,115.51,114.96,116.4,114.85
2014-02-21,114.5,115.35,115.43,114.1
2014-02-24,113.61,114.43,114.68,113.42
2014-02-25,114.12,113.54,114.39,112.71
2014-02-26,113.7,114.03,114.24,113.37
2014-02-27,114.22,113.63,114.69,113.58
2014-02-28,114.04,114.17,114.61,113.42
2014-03-03,114.24,114.26,114.75,113.78
2014-03-04,113.44,114.18,114.91,113.28
2014-03-05,113.21,113.37,113.47,112.89
2014-03-06,111.31,113.16,113.31,111.11
2014-03-07,110.76,111.22,111.39,110.19
2014-03-10,110.06,111.04,111.26,109.82
2014-03-11,110.61,109.98,110.8,109.72
2014-03-12,111.18,110.53,111.51,110.53
2014-03-13,111.76,111.11,112.1,110.32
2014-03-14,112.04,111.72,112.46,111.47
2014-03-17,110.96,112.0,112.14,110.7
2014-03-18,111.58,110.93,111.87,110.54
2014-03-19,110.54,111.46,111.93,110.11
2014-03-20,111.77,110.5,112.0,110.29
2014-03-21,111.69,111.69,112.18,111.49
2014-03-24,111.31,111.7,111.9,110.78
2014-03-25,111.41,111.23,111.53,110.85
2014-03-26,111.81,111.37,112.01,111.05
2014-03-27,112.03,111.75,112.33,111.68
2014-03-28,110.47,111.98,112.23,110.23
2014-03-31,110.07,110.42,110.54,109.74
2014-04-01,109.15,109.99,110.17,108.87
2014-04-02,108.71,109.09,109.21,108.65
2014-04-03,108.93,108.67,109.06,108.5
2014-04-04,109.57,108.9,109.65,108.65
2014-04-07,109.64,109.55,109.76,109.04
2014-04-08,110.87,109.62,111.18,109.56
2014-04-09,110.69,110.85,110.98,110.44
2014-04-10,111.82,110.64,112.07,110.45
2014-04-11,112.31,111.77,112.89,111.71
2014-04-14,112.32,112.13,112.86,112.07
2014-04-15,112.14,112.25,112.63,111.91
2014-04-16,111.85,112.05,112.25,111.6
2014-04-17,111.53,111.8,112.14,111.38
2014-04-18,111.5,111.45,111.58,111.26
2014-04-21,111.53,111.37,111.66,111.18
2014-04-22,112.26,111.46,112.49,111.33
2014-04-23,113.42,112.2,113.84,112.09
2014-04-24,113.37,113.35,113.68,112.93
2014-04-25,113.19,113.3,113.52,112.81
2014-04-28,112.97,113.13,113.46,112.77
2014-04-29,112.51,112.89,113.11,112.31
2014-04-30,113.06,112.46,113.33,112.21
2014-05-01,112.97,113.03,113.21,112.88
2014-05-02,112.76,112.94,113.06,111.79
2014-05-05,112.76,112.73,113.21,112.56
2014-05-06,113.26,112.7,113.49,112.52
2014-05-07,113.57,113.23,114.04,113.11
2014-05-08,113.71,113.51,114.28,113.38
2014-05-09,113.19,113.65,113.87,113.12
2014-05-12,112.82,113.2,113.29,112.66
2014-05-13,112.82,112.73,113.04,112.58
2014-05-14,112.33,112.79,112.95,112.01
2014-05-15,112.68,112.27,112.98,112.04
2014-05-16,112.42,112.67,112.86,112.1
2014-05-19,112.47,112.3,112.94,111.59
2014-05-20,113.37,112.42,113.53,112.41
2014-05-21,113.51,113.33,114.26,113.19
2014-05-22,113.34,113.51,113.64,113.19
2014-05-23,113.86,113.3,114.15,113.13
2014-05-26,113.56,113.82,114.14,113.44
2014-05-27,113.51,113.5,113.82,113.29
2014-05-28,114.19,113.48,114.43,113.41
2014-05-29,114.25,114.13,114.67,114.09
2014-05-30,114.71,114.21,114.9,114.05
2014-06-02,114.91,114.58,115.68,114.39
2014-06-03,114.95,114.85,115.52,114.75
2014-06-04,115.72,114.89,116.07,114.71
2014-06-05,115.78,115.64,116.07,115.32
2014-06-06,115.48,115.68,115.9,115.1
2014-06-09,114.85,115.36,115.49,114.66
2014-06-10,115.39,114.81,115.54,114.75
2014-06-11,115.69,115.33,115.96,114.85
2014-06-12,115.88,115.61,116.03,115.36
2014-06-13,115.56,115.83,115.99,115.39
2014-06-16,116.04,115.44,116.18,115.44
2014-06-17,116.43,116.02,116.7,115.81
2014-06-18,117.7,116.4,117.75,116.28
2014-06-19,117.07,117.67,117.81,116.56
2014-06-20,117.28,117.0,117.59,116.96
2014-06-23,117.61,117.18,117.78,117.03
2014-06-24,117.55,117.55,117.81,117.27
2014-06-25,118.68,117.5,118.97,117.49
2014-06-26,118.93,118.61,119.21,118.59
2014-06-27,118.32,118.9,119.46,118.12
2014-06-30,117.0,118.21,118.6,116.51
2014-07-01,116.77,116.86,117.29,115.84
2014-07-02,117.0,116.67,117.56,116.08
2014-07-03,116.63,116.97,117.49,116.48
2014-07-04,116.26,116.59,116.72,116.08
2014-07-07,114.88,116.33,116.42,114.31
2014-07-08,114.44,114.79,115.11,113.88
2014-07-09,114.38,114.38,114.6,114.04
2014-07-10,114.22,114.29,114.55,113.22
2014-07-11,114.27,114.15,114.82,114.08
2014-07-14,114.84,114.18,115.03,114.14
2014-07-15,115.4,114.81,115.68,114.58
2014-07-16,115.02,115.33,116.3,114.81
2014-07-17,115.5,114.97,115.54,114.37
2014-07-18,114.62,115.42,115.83,114.3
2014-07-21,114.1,114.5,114.65,114.04
2014-07-22,114.38,114.07,114.64,113.22
2014-07-23,113.32,114.21,114.29,113.09
2014-07-24,113.61,113.24,113.94,113.14
2014-07-25,113.68,113.57,114.13,113.31
2014-07-28,113.67,113.71,113.79,113.56
2014-07-29,113.36,113.64,113.72,113.27
2014-07-30,112.63,113.31,113.48,112.26
2014-07-31,112.63,112.59,112.7,112.35
2014-08-01,114.97,112.59,115.32,112.42
2014-08-04,114.61,114.79,114.96,114.05
2014-08-05,114.01,114.59,114.64,113.6
2014-08-06,115.07,113.96,115.45,113.91
2014-08-07,115.53,115.01,115.67,114.85
2014-08-08,115.39,115.45,116.56,115.27
2014-08-11,114.19,115.31,115.39,114.07
2014-08-12,114.29,114.12,114.49,113.87
2014-08-13,114.14,114.26,114.38,113.96
2014-08-14,113.94,114.09,114.19,113.52
2014-08-15,114.06,113.9,114.32,113.59
2014-08-18,113.92,114.13,114.29,113.84
2014-08-19,113.5,113.89,113.93,113.43
2014-08-20,112.76,113.46,113.82,112.62
2014-08-21,112.58,112.73,113.11,112.44
2014-08-22,112.35,112.49,112.85,111.85
2014-08-25,112.61,111.81,112.83,111.75
2014-08-26,112.55,112.58,112.93,112.4
2014-08-27,112.47,112.51,112.63,112.28
2014-08-28,112.81,112.43,113.0,112.35
2014-08-29,112.32,112.76,113.14,112.2
2014-09-01,112.26,112.27,112.52,112.09
2014-09-02,111.8,112.26,112.34,111.6
2014-09-03,112.25,111.75,112.42,111.54
2014-09-04,111.75,112.21,112.31,111.6
2014-09-05,111.85,111.74,112.31,111.26
2014-09-08,110.63,111.81,112.01,110.51
2014-09-09,110.8,110.59,110.97,110.42
2014-09-10,110.56,110.76,111.04,110.44
2014-09-11,110.4,110.48,111.02,110.24
2014-09-12,110.13,110.34,110.53,110.01
2014-09-15,111.29,110.17,111.47,110.05
2014-09-16,111.69,111.25,112.01,110.97
2014-09-17,110.29,111.61,111.74,110.23
2014-09-18,110.21,110.24,110.99,109.87
2014-09-19,109.75,110.19,110.28,109.47
2014-09-22,110.0,109.71,110.11,109.56
2014-09-23,109.94,109.98,110.68,109.8
2014-09-24,109.63,109.92,110.38,109.45
2014-09-25,110.14,109.57,110.39,109.25
2014-09-26,110.01,110.1,110.55,109.71
2014-09-29,111.16,110.06,111.53,109.7
2014-09-30,111.12,111.11,111.77,110.85
2014-10-01,111.37,111.07,111.41,110.22
2014-10-02,112.06,111.32,112.49,111.08
2014-10-03,110.93,111.99,112.11,110.75
2014-10-06,112.22,110.88,112.39,110.8
2014-10-07,112.95,112.23,113.18,111.54
2014-10-08,113.25,112.92,113.51,112.45
2014-10-09,112.99,113.19,113.33,112.55
2014-10-10,113.5,112.93,113.56,112.77
2014-10-13,114.32,113.5,114.43,113.46
2014-10-14,114.03,114.32,114.45,113.56
2014-10-15,115.42,114.0,116.22,113.61
2014-10-16,115.18,115.37,116.1,114.94
2014-10-17,113.28,115.14,115.29,113.16
2014-10-20,112.5,113.15,113.21,111.76
2014-10-21,112.15,112.48,112.93,111.85
2014-10-22,112.11,112.07,112.6,111.82
2014-10-23,111.39,112.09,112.53,111.23
2014-10-24,111.56,111.33,111.96,111.27
2014-10-27,112.35,111.51,112.57,111.28
2014-10-28,112.53,112.32,113.11,111.97
2014-10-29,110.93,112.46,112.61,110.79
2014-10-30,111.03,110.88,111.81,110.7
2014-10-31,107.59,110.97,111.08,107.39
2014-11-03,106.16,107.4,107.57,105.97
2014-11-04,106.58,106.13,106.98,106.11
2014-11-05,105.92,106.54,106.76,105.69
2014-11-06,105.38,105.89,106.54,105.3
2014-11-07,106.27,105.32,106.54,105.15
2014-11-10,105.8,106.31,106.69,105.71
2014-11-11,105.42,105.77,106.11,105.06
2014-11-12,105.63,105.34,106.17,105.15
2014-11-13,105.42,105.6,105.83,105.25
2014-11-14,105.01,105.36,105.43,104.49
2014-11-17,104.63,104.91,105.63,104.29
2014-11-18,103.96,104.6,104.77,103.74
2014-11-19,102.96,103.91,103.98,102.85
2014-11-20,102.99,102.93,103.41,102.31
2014-11-21,103.12,102.93,103.64,102.67
2014-11-24,102.74,103.1,103.32,102.51
2014-11-25,103.11,102.7,103.36,102.43
2014-11-26,103.42,103.05,103.68,103.03
2014-11-27,103.45,103.36,103.82,103.26
2014-11-28,102.86,103.44,103.5,102.69
2014-12-01,103.65,102.75,104.11,102.53
2014-12-02,102.93,103.63,103.82,102.81
2014-12-03,102.67,102.89,103.24,102.56
2014-12-04,102.75,102.65,103.13,102.31
2014-12-05,101.26,102.71,102.81,101.02
2014-12-08,102.32,101.2,102.75,100.88
2014-12-09,103.0,102.29,104.54,102.02
2014-12-10,104.72,102.98,104.79,102.8
2014-12-11,104.06,104.66,105.04,103.25
2014-12-12,104.86,104.05,105.54,103.63
2014-12-15,107.76,104.62,108.03,104.59
2014-12-16,108.93,107.72,109.92,107.56
2014-12-17,106.68,108.82,109.24,106.41
2014-12-18,105.71,106.64,106.75,105.25
2014-12-19,104.47,105.67,105.79,104.26
2014-12-22,103.53,104.36,104.54,103.46
2014-12-23,103.17,104.46,104.57,102.98
2014-12-24,103.46,103.09,103.7,103.03
2014-12-25,103.81,103.43,103.91,103.42
2014-12-26,103.54,103.77,103.81,103.44
2014-12-29,103.14,103.51,103.65,102.77
2014-12-30,104.17,103.08,104.72,102.87
2014-12-31,103.47,104.13,104.44,103.19
2015-01-01,103.39,103.41,103.51,103.26
2015-01-02,104.08,103.32,104.64,103.06
2015-01-05,105.55,104.02,105.77,103.91
2015-01-06,106.9,105.52,107.21,105.5
2015-01-07,106.82,106.87,107.32,106.38
2015-01-08,105.97,106.78,106.93,105.69
2015-01-09,106.74,105.91,106.85,105.51
2015-01-12,106.44,106.71,107.13,105.54
2015-01-13,106.82,106.43,107.18,105.99
2015-01-14,107.5,106.77,108.68,106.72
2015-01-15,108.12,107.47,108.12,106.62
2015-01-16,107.0,108.05,108.65,106.85
2015-01-19,107.33,106.97,107.84,106.93
2015-01-20,105.92,107.29,107.4,105.8
2015-01-21,105.81,105.86,106.78,105.54
2015-01-22,105.39,105.74,106.5,105.19
2015-01-23,105.9,105.36,106.12,104.61
2015-01-26,105.61,105.85,106.69,105.5
2015-01-27,105.84,105.55,106.33,105.26
2015-01-28,106.22,105.8,106.48,105.57
2015-01-29,106.25,106.18,106.79,105.96
2015-01-30,107.85,106.21,108.0,106.05
2015-02-02,107.87,107.79,108.58,107.57
2015-02-03,107.63,107.8,108.21,107.41
2015-02-04,107.65,107.58,107.85,106.74
2015-02-05,107.47,107.6,108.11,107.37
2015-02-06,106.02,107.43,107.7,105.74
2015-02-09,106.6,105.8,106.87,105.79
2015-02-10,106.11,106.57,106.85,105.9
2015-02-11,105.54,106.07,106.43,105.48
2015-02-12,107.4,105.51,107.93,105.49
2015-02-13,107.68,107.36,107.86,106.93
2015-02-16,107.63,107.63,108.19,107.25
2015-02-17,107.06,107.59,107.85,106.9
2015-02-18,108.11,107.03,108.34,106.97
2015-02-19,107.97,108.06,108.39,107.72
2015-02-20,107.64,107.94,108.35,107.45
2015-02-23,108.03,107.6,108.08,107.38
2015-02-24,108.4,108.0,108.6,107.57
2015-02-25,108.31,108.37,108.7,108.09
2015-02-26,107.5,108.29,108.36,107.38
2015-02-27,108.12,107.47,108.57,107.44
2015-03-02,107.97,107.9,108.5,107.68
2015-03-03,108.29,107.89,108.61,107.75
2015-03-04,108.47,108.23,108.69,108.17
2015-03-05,108.11,108.44,108.82,107.83
2015-03-06,107.42,108.07,108.46,106.96
2015-03-09,107.71,107.36,108.15,107.28
2015-03-10,108.07,107.67,108.26,107.04
2015-03-11,108.61,108.03,109.08,107.88
2015-03-12,108.68,108.54,109.25,108.12
2015-03-13,108.69,108.66,108.93,108.22
2015-03-16,109.14,108.63,109.36,108.55
2015-03-17,108.5,109.09,109.15,108.35
2015-03-18,109.65,108.47,110.29,108.3
2015-03-19,107.9,109.59,110.04,107.63
2015-03-20,109.27,107.86,109.39,107.78
2015-03-23,108.74,109.2,109.47,108.21
2015-03-24,107.76,108.68,108.88,107.49
2015-03-25,108.67,107.72,108.91,107.63
2015-03-26,109.22,108.64,110.0,108.55
2015-03-27,109.67,109.22,109.86,109.1
2015-03-30,108.89,109.59,109.82,108.69
2015-03-31,108.83,108.84,109.17,108.61
2015-04-01,108.9,108.78,109.35,108.29
2015-04-02,108.61,108.85,109.11,108.41
2015-04-03,109.29,108.59,109.53,108.51
2015-04-06,108.4,109.26,109.44,108.25
2015-04-07,107.96,108.38,108.67,107.74
2015-04-08,107.83,107.92,108.47,107.62
2015-04-09,106.96,107.78,107.93,106.79
2015-04-10,107.43,106.93,107.58,106.85
2015-04-13,108.08,107.37,108.46,107.23
2015-04-14,108.73,108.03,109.03,107.98
2015-04-15,108.28,108.68,108.78,107.74
2015-04-16,108.03,108.22,108.5,107.48
2015-04-17,108.06,107.95,108.38,107.68
2015-04-20,108.14,108.08,108.67,107.86
2015-04-21,108.29,108.09,108.61,107.85
2015-04-22,107.57,108.23,108.36,107.47
2015-04-23,108.33,107.5,108.49,107.35
2015-04-24,108.58,108.29,108.73,107.97
2015-04-27,109.04,108.5,109.17,108.48
2015-04-28,109.19,108.99,109.31,108.57
2015-04-29,108.7,109.15,109.3,108.34
2015-04-30,108.6,108.67,109.25,108.06
2015-05-01,107.86,108.56,108.6,107.7
2015-05-04,108.04,107.82,108.57,107.74
2015-05-05,108.84,107.97,108.98,107.95
2015-05-06,109.11,108.82,109.36,108.37
2015-05-07,109.79,109.04,110.42,109.0
2015-05-08,109.57,109.74,110.07,108.99
2015-05-11,109.55,109.65,109.92,109.32
2015-05-12,110.11,109.49,110.19,109.39
2015-05-13,110.25,110.07,110.38,109.54
2015-05-14,110.25,110.2,110.53,110.03
2015-05-15,109.75,110.19,110.25,109.11
2015-05-18,109.48,109.7,109.89,109.29
2015-05-19,108.67,109.43,110.06,108.57
2015-05-20,108.57,108.61,109.14,108.38
2015-05-21,108.47,108.52,108.86,108.17
2015-05-22,108.24,108.42,109.07,108.14
2015-05-25,108.48,108.2,108.59,107.96
2015-05-26,107.31,108.44,108.54,107.05
2015-05-27,106.75,107.27,107.75,106.34
2015-05-28,106.67,106.7,106.96,106.19
2015-05-29,106.52,106.65,106.96,106.46
2015-06-01,105.97,106.51,106.75,105.8
2015-06-02,106.53,105.93,106.87,105.69
2015-06-03,106.4,106.51,106.7,106.01
2015-06-04,106.79,106.39,107.31,106.21
2015-06-05,105.68,106.76,106.86,105.43
2015-06-08,107.48,105.64,107.65,105.57
2015-06-09,106.99,107.42,107.58,106.72
2015-06-10,108.52,106.95,108.65,106.81
2015-06-11,107.93,108.49,108.59,107.25
2015-06-12,108.06,107.87,108.29,107.58
2015-06-15,108.04,108.03,108.32,107.77
2015-06-16,108.25,108.0,108.32,107.64
2015-06-17,108.3,108.18,108.49,107.38
2015-06-18,108.2,108.25,108.65,107.79
2015-06-19,108.68,108.16,108.79,108.04
2015-06-22,107.88,108.5,108.8,107.78
2015-06-23,106.93,107.83,107.92,106.67
2015-06-24,107.42,106.9,107.53,106.87
2015-06-25,107.81,107.38,108.08,107.25
2015-06-26,107.46,107.77,108.25,107.28
2015-06-29,108.9,108.39,109.36,108.08
2015-06-30,108.84,108.85,109.32,108.68
2015-07-01,108.18,108.81,108.99,108.08
2015-07-02,108.38,108.16,108.48,107.75
2015-07-03,108.46,108.33,108.66,107.95
2015-07-06,108.9,109.07,109.43,108.56
2015-07-07,108.76,108.88,109.25,108.21
2015-07-08,110.56,108.72,110.85,108.69
2015-07-09,109.9,110.51,110.77,109.63
2015-07-10,108.46,109.86,109.96,108.29
2015-07-13,107.74,109.05,109.1,107.6
2015-07-14,108.08,107.69,108.51,107.43
2015-07-15,107.81,108.01,108.18,107.6
2015-07-16,107.49,107.8,107.85,107.41
2015-07-17,107.56,107.46,107.69,107.37
2015-07-20,107.39,107.5,107.64,107.24
2015-07-21,107.71,107.36,107.84,107.15
2015-07-22,107.92,107.68,108.21,107.63
2015-07-23,108.32,107.87,108.5,107.71
2015-07-24,108.58,108.27,108.81,108.14
2015-07-27,109.21,108.6,109.43,108.5
2015-07-28,108.96,109.16,109.36,108.69
2015-07-29,108.57,108.93,109.06,108.46
2015-07-30,108.49,108.56,108.63,108.06
2015-07-31,109.14,108.42,109.53,108.38
2015-08-03,108.84,109.03,109.22,108.57
2015-08-04,108.42,108.79,108.93,108.36
2015-08-05,108.19,108.39,108.97,108.07
2015-08-06,108.56,108.2,108.73,108.18
2015-08-07,109.0,108.52,109.1,108.23
2015-08-10,108.71,109.02,109.07,108.54
2015-08-11,108.68,108.69,109.07,108.36
2015-08-12,110.98,108.62,111.35,108.59
2015-08-13,110.46,110.92,111.08,110.21
2015-08-14,110.9,110.4,111.15,110.34
2015-08-17,110.84,110.79,110.99,110.63
2015-08-18,111.07,110.81,111.51,110.71
2015-08-19,111.81,111.02,111.93,110.96
2015-08-20,112.39,111.79,112.47,111.4
2015-08-21,114.25,112.35,114.44,112.24
2015-08-24,118.62,114.52,120.64,114.22
2015-08-25,118.33,118.58,118.82,116.76
2015-08-26,117.78,118.3,118.75,117.64
2015-08-27,115.61,117.73,117.86,115.21
2015-08-28,114.88,115.57,116.21,114.81
2015-08-31,115.9,114.87,116.18,114.81
2015-09-01,118.1,115.85,118.18,115.79
2015-09-02,117.43,118.04,118.28,116.96
2015-09-03,118.0,117.39,118.43,117.01
2015-09-04,119.03,117.97,119.33,117.85
2015-09-07,119.45,119.17,119.61,118.65
2015-09-08,119.19,119.42,120.29,118.62
2015-09-09,118.34,119.11,119.18,117.64
2015-09-10,118.82,118.32,119.39,118.1
2015-09-11,118.84,118.77,119.05,118.11
2015-09-14,119.32,118.83,119.71,118.5
2015-09-15,119.62,119.27,120.66,118.85
2015-09-16,119.89,119.6,120.36,119.51
2015-09-17,120.47,119.83,120.69,119.37
2015-09-18,119.79,120.41,121.29,119.69
2015-09-21,119.91,119.83,120.74,119.48
2015-09-22,120.65,119.82,121.13,119.77
2015-09-23,121.76,120.61,122.41,120.44
2015-09-24,121.97,121.74,122.88,121.63
2015-09-25,121.79,121.95,122.39,121.06
2015-09-28,122.56,121.74,122.81,121.63
2015-09-29,122.63,122.52,123.43,122.15
2015-09-30,122.22,122.59,122.69,121.66
2015-10-01,122.32,122.14,122.78,121.82
2015-10-02,122.11,122.26,123.39,121.55
2015-10-05,120.33,121.98,122.16,120.16
2015-10-06,118.46,120.25,120.39,117.38
2015-10-07,115.19,118.44,118.71,114.12
2015-10-08,115.63,114.97,115.96,114.07
2015-10-09,111.57,115.56,115.74,110.49
2015-10-12,111.68,111.48,112.25,110.71
2015-10-13,113.74,111.59,113.93,111.57
2015-10-14,114.61,113.67,114.79,113.61
2015-10-15,113.18,114.54,114.82,110.74
2015-10-16,113.28,113.03,114.04,112.74
2015-10-19,113.25,113.13,113.93,113.09
2015-10-20,113.86,113.21,114.36,113.14
2015-10-21,114.36,113.81,114.76,113.67
2015-10-22,113.16,114.31,114.6,112.59
2015-10-23,112.25,113.1,113.46,110.84
2015-10-26,112.68,112.2,113.14,111.76
2015-10-27,113.08,112.62,113.38,112.33
2015-10-28,111.29,113.06,113.43,111.06
2015-10-29,112.57,111.22,113.1,111.15
2015-10-30,113.47,112.47,113.8,112.05
2015-11-02,113.18,113.39,113.68,113.07
2015-11-03,111.96,113.16,113.25,111.74
2015-11-04,111.51,111.91,112.0,110.63
2015-11-05,111.42,111.43,112.35,111.12
2015-11-06,110.1,111.37,111.53,109.94
2015-11-09,110.79,109.99,111.14,109.84
2015-11-10,110.49,110.76,110.93,110.13
2015-11-11,110.73,110.47,110.77,109.96
2015-11-12,110.94,110.68,111.01,110.26
2015-11-13,111.42,110.91,111.61,110.83
2015-11-16,111.44,111.63,112.25,111.3
2015-11-17,111.36,111.41,111.62,110.92
2015-11-18,111.61,111.33,112.01,110.72
2015-11-19,112.14,111.6,112.36,111.29
2015-11-20,111.1,112.1,112.19,110.69
2015-11-23,111.71,111.14,111.78,110.93
2015-11-24,111.86,111.67,112.08,111.25
2015-11-25,111.54,111.83,112.11,111.29
2015-11-26,111.96,111.52,112.1,111.48
2015-11-27,112.18,111.91,112.61,111.81
2015-11-30,112.39,112.13,112.83,112.08
2015-12-01,112.17,112.32,112.49,111.82
2015-12-02,111.96,112.11,112.21,111.52
2015-12-03,112.9,111.93,113.21,111.85
2015-12-04,112.3,112.89,113.02,112.08
2015-12-07,112.19,112.2,112.36,111.96
2015-12-08,112.85,112.16,113.06,112.13
2015-12-09,114.24,112.81,114.58,112.68
2015-12-10,114.6,114.17,114.98,113.9
2015-12-11,115.39,114.54,115.67,113.87
2015-12-14,116.31,115.19,116.98,115.04
2015-12-15,115.52,116.26,116.62,115.38
2015-12-16,115.12,115.49,115.86,114.86
2015-12-17,114.28,115.07,115.11,113.95
2015-12-18,114.81,114.26,114.98,113.34
2015-12-21,113.64,114.74,115.0,113.04
2015-12-22,112.94,113.52,113.71,111.57
2015-12-23,112.81,112.89,113.06,112.36
2015-12-24,113.28,112.79,113.46,112.71
2015-12-25,113.29,113.2,113.65,113.2
2015-12-28,113.36,113.37,113.57,112.85
2015-12-29,114.1,113.3,114.26,113.22
2015-12-30,114.36,114.05,114.79,113.8
2015-12-31,114.59,114.32,114.9,114.25
2016-01-01,114.58,114.55,114.64,114.54
2016-01-04,116.5,114.56,117.24,114.47
2016-01-05,116.43,116.44,117.19,115.32
2016-01-06,117.72,116.34,117.96,115.9
2016-01-07,118.35,117.69,118.72,117.1
2016-01-08,118.54,118.33,118.54,116.81
2016-01-11,117.85,118.49,119.34,117.49
2016-01-12,118.24,117.76,118.65,117.14
2016-01-13,117.5,118.16,118.28,116.72
2016-01-14,117.83,117.41,118.98,117.01
2016-01-15,118.69,117.77,119.27,116.74
2016-01-18,118.73,118.71,119.19,118.5
2016-01-19,117.99,118.71,118.82,117.29
2016-01-20,119.38,117.93,120.38,117.87
2016-01-21,118.17,119.31,119.57,118.02
2016-01-22,116.6,118.11,118.26,116.44
2016-01-25,117.27,116.68,117.39,116.4
2016-01-26,117.38,117.22,118.31,117.12
2016-01-27,116.94,117.32,117.64,116.5
2016-01-28,116.76,116.91,117.29,116.49
2016-01-29,113.79,116.7,116.89,113.14
2016-02-01,112.72,113.72,113.79,111.82
2016-02-02,114.1,112.68,114.21,112.51
2016-02-03,116.75,114.01,117.61,113.98
2016-02-04,116.79,116.59,117.04,115.44
2016-02-05,116.56,116.75,117.18,115.96
2016-02-08,117.61,116.48,118.28,115.87
2016-02-09,118.18,117.57,119.72,117.54
2016-02-10,118.78,118.14,119.01,116.83
2016-02-11,119.75,118.74,121.24,118.21
2016-02-12,119.14,119.72,120.71,118.75
2016-02-15,116.74,119.06,119.29,116.51
2016-02-16,117.47,116.69,117.96,115.88
2016-02-17,118.4,117.43,119.08,117.06
2016-02-18,119.17,118.34,119.28,117.84
2016-02-19,119.88,119.11,120.33,118.95
2016-02-22,119.0,119.76,120.07,118.46
2016-02-23,119.74,118.99,120.12,118.79
2016-02-24,119.56,119.69,120.79,119.42
2016-02-25,118.68,119.48,119.96,118.58
2016-02-26,117.28,118.63,118.95,117.23
2016-02-29,118.67,117.37,118.78,117.23
2016-03-01,117.1,118.61,119.18,116.85
2016-03-02,117.13,117.03,117.4,115.94
2016-03-03,116.42,117.04,117.16,115.89
2016-03-04,115.46,116.36,116.89,114.87
2016-03-07,115.37,115.35,115.64,113.92
2016-03-08,116.71,115.31,116.9,115.24
2016-03-09,115.89,116.64,117.11,115.78
2016-03-10,115.5,115.83,116.14,114.17
2016-03-11,114.83,115.46,115.93,114.66
2016-03-14,114.74,114.73,115.07,113.83
2016-03-15,116.43,114.68,117.0,114.55
2016-03-16,117.84,116.42,118.12,115.73
2016-03-17,117.57,117.81,118.33,116.2
2016-03-18,117.57,117.49,117.99,117.12
2016-03-21,117.32,117.61,118.44,117.23
2016-03-22,117.29,117.27,118.33,116.98
2016-03-23,117.25,117.23,117.61,116.65
2016-03-24,117.38,117.22,117.93,116.56
2016-03-25,117.21,117.32,117.57,116.89
2016-03-28,117.82,117.12,118.16,116.65
2016-03-29,118.88,117.78,118.99,117.4
2016-03-30,118.01,118.86,119.19,117.69
2016-03-31,117.79,117.97,118.46,117.6
2016-04-01,117.85,117.74,118.18,116.94
2016-04-04,118.26,117.73,118.53,117.62
2016-04-05,119.78,118.24,120.21,118.2
2016-04-06,120.43,119.77,120.93,119.17
2016-04-07,121.61,120.39,122.19,120.21
2016-04-08,121.63,121.55,121.75,120.41
2016-04-11,121.61,121.58,122.03,121.01
2016-04-12,120.81,121.57,121.69,120.49
2016-04-13,120.36,120.78,121.21,120.11
2016-04-14,120.45,120.29,121.19,120.1
2016-04-15,121.14,120.35,121.33,119.85
2016-04-18,121.07,121.66,122.46,120.8
2016-04-19,120.39,121.01,121.14,120.02
2016-04-20,119.63,120.35,120.9,119.53
2016-04-21,120.21,119.53,120.36,119.51
2016-04-22,118.06,120.16,120.57,117.97
2016-04-25,118.68,118.23,119.15,117.88
2016-04-26,118.58,118.64,119.48,118.34
2016-04-27,118.38,118.53,118.93,118.02
2016-04-28,121.96,118.3,122.26,117.64
2016-04-29,123.96,121.95,124.06,121.82
2016-05-02,123.86,123.95,124.21,123.32
2016-05-03,123.77,123.78,124.94,123.61
2016-05-04,123.74,123.7,124.64,122.61
2016-05-05,123.46,123.72,123.99,123.14
2016-05-06,123.61,123.44,124.42,123.22
2016-05-09,122.68,123.59,123.96,122.28
2016-05-10,121.61,122.59,123.11,121.46
2016-05-11,122.74,121.57,122.79,121.31
2016-05-12,121.97,122.65,122.92,121.49
2016-05-13,122.61,121.94,122.8,121.58
2016-05-16,122.01,122.61,122.78,121.88
2016-05-17,121.85,121.97,122.19,121.15
2016-05-18,121.5,121.79,122.5,121.36
2016-05-19,123.26,121.44,123.57,121.42
2016-05-20,123.54,123.2,123.82,122.9
2016-05-23,124.34,123.52,124.49,123.34
2016-05-24,124.46,124.3,125.32,123.99
2016-05-25,123.89,124.4,124.52,123.53
2016-05-26,123.93,123.87,124.77,123.4
2016-05-27,123.21,123.91,124.17,122.93
2016-05-30,122.79,122.96,123.17,122.36
2016-05-31,123.39,122.73,123.64,122.24
2016-06-01,124.69,123.31,125.28,123.23
2016-06-02,125.36,124.65,125.77,124.58
2016-06-03,127.59,125.31,127.61,124.62
2016-06-06,124.38,127.65,127.78,124.21
2016-06-07,123.6,124.34,124.81,122.9
2016-06-08,123.99,123.52,124.46,123.24
2016-06-09,123.86,123.91,124.82,123.6
2016-06-10,124.29,123.8,124.83,123.68
2016-06-13,124.98,124.31,125.84,124.31
2016-06-14,125.95,124.92,126.71,124.74
2016-06-15,126.14,125.84,126.77,125.62
2016-06-16,128.23,126.1,128.93,125.89
2016-06-17,128.1,128.16,128.38,127.36
2016-06-20,127.63,127.75,127.83,126.4
2016-06-21,126.62,127.56,128.03,126.2
2016-06-22,127.24,126.58,127.43,126.44
2016-06-23,124.89,127.18,127.43,124.76
2016-06-24,130.88,124.84,134.55,124.05
2016-06-27,130.78,130.97,133.03,130.11
2016-06-28,128.24,130.72,131.3,127.98
2016-06-29,128.0,128.14,129.02,127.77
2016-06-30,127.92,127.95,129.12,127.61
2016-07-01,128.16,127.84,128.48,127.53
2016-07-04,128.0,128.1,128.49,127.37
2016-07-05,129.05,127.72,129.41,127.66
2016-07-06,129.56,128.75,131.0,128.68
2016-07-07,130.25,129.27,130.54,129.15
2016-07-08,130.57,129.97,131.23,129.36
2016-07-11,127.32,130.35,130.46,127.09
2016-07-12,125.32,127.21,127.82,124.88
2016-07-13,125.32,125.26,126.07,124.8
2016-07-14,124.18,125.25,125.89,123.43
2016-07-15,124.86,124.15,125.11,123.0
2016-07-18,123.29,124.21,124.39,123.11
2016-07-19,123.33,123.25,123.88,122.82
2016-07-20,122.72,123.31,123.82,122.47
2016-07-21,123.81,122.67,124.25,122.0
2016-07-22,123.58,123.74,124.09,123.17
2016-07-25,124.21,123.51,124.29,122.89
2016-07-26,125.82,124.13,126.58,124.01
2016-07-27,124.67,125.78,125.87,123.21
2016-07-28,124.46,124.61,125.49,124.12
2016-07-29,128.32,124.44,128.46,124.34
2016-08-01,127.65,128.28,128.41,127.3
2016-08-02,129.82,127.64,130.1,127.13
2016-08-03,129.65,129.77,130.21,129.15
2016-08-04,129.79,129.57,130.24,129.24
2016-08-05,128.95,129.74,130.16,128.56
2016-08-08,128.16,128.99,129.01,127.85
2016-08-09,128.88,128.13,129.01,128.01
2016-08-10,129.48,128.85,129.88,128.73
2016-08-11,128.65,129.44,129.79,128.47
2016-08-12,129.52,128.64,130.12,128.25
2016-08-15,129.5,129.67,130.0,129.21
2016-08-16,130.56,129.46,131.56,129.38
2016-08-17,130.61,130.53,130.92,129.41
2016-08-18,131.32,130.57,131.55,130.49
2016-08-19,131.29,131.27,131.56,130.56
2016-08-22,131.68,130.97,131.84,130.32
2016-08-23,131.87,131.63,132.27,131.53
2016-08-24,131.88,131.84,132.41,131.48
2016-08-25,131.73,131.83,132.15,131.54
2016-08-26,129.68,131.69,131.96,129.5
2016-08-29,130.16,129.64,130.31,129.23
2016-08-30,128.95,130.06,130.35,128.67
2016-08-31,128.28,128.91,129.26,128.09
2016-09-01,128.51,128.24,128.72,127.52
2016-09-02,127.39,128.46,128.88,126.93
2016-09-05,127.15,127.37,127.75,126.73
2016-09-06,128.67,127.13,128.81,126.69
2016-09-07,128.62,128.64,129.65,128.37
2016-09-08,127.46,128.54,129.16,127.25
2016-09-09,127.56,127.4,128.32,127.04
2016-09-12,128.61,127.5,128.97,127.37
2016-09-13,128.42,128.55,129.66,128.09
2016-09-14,128.91,128.35,129.15,127.79
2016-09-15,129.04,128.88,129.4,128.13
2016-09-16,128.63,128.97,129.46,128.35
2016-09-19,129.06,128.66,129.52,128.4
2016-09-20,129.31,129.01,129.54,128.71
2016-09-21,130.94,129.28,130.98,127.99
2016-09-22,129.93,130.87,131.27,129.61
2016-09-23,129.47,129.88,129.97,129.22
2016-09-26,129.87,129.46,130.0,129.32
2016-09-27,128.98,129.85,130.18,128.16
2016-09-28,128.62,128.95,129.19,128.35
2016-09-29,128.44,128.62,128.69,127.39
2016-09-30,128.78,128.41,129.28,127.56
2016-10-03,127.72,128.78,128.97,127.7
2016-10-04,126.17,127.7,127.81,126.06
2016-10-05,125.58,126.19,126.67,125.38
2016-10-06,124.95,125.54,125.71,124.66
2016-10-07,126.17,124.95,126.25,124.83
2016-10-10,125.26,125.85,126.17,125.04
2016-10-11,125.7,125.23,126.14,124.83
2016-10-12,124.92,125.7,125.98,124.58
2016-10-13,126.11,124.94,126.56,124.42
2016-10-14,125.19,126.11,126.22,124.84
2016-10-17,125.79,125.29,125.91,124.91
2016-10-18,125.47,125.78,126.06,125.05
2016-10-19,125.75,125.47,126.08,125.19
2016-10-20,125.12,125.75,125.88,124.92
2016-10-21,125.63,125.17,126.04,124.9
2016-10-24,124.91,125.56,125.62,124.73
2016-10-25,124.78,124.93,125.0,123.98
2016-10-26,124.5,124.78,125.06,124.31
2016-10-27,123.78,124.48,124.89,123.69
2016-10-28,124.64,123.8,124.91,123.65
2016-10-31,124.48,124.63,125.14,123.97
2016-11-01,125.22,124.5,125.67,124.05
2016-11-02,126.39,125.19,126.73,125.17
2016-11-03,126.96,126.43,127.36,126.21
2016-11-04,126.72,126.96,127.52,126.39
2016-11-07,125.28,126.67,126.72,125.06
2016-11-08,124.42,125.27,125.51,124.32
2016-11-09,123.97,124.39,130.16,123.67
2016-11-10,122.98,123.97,124.93,122.81
2016-11-11,124.56,122.97,126.98,122.81
2016-11-14,123.19,124.72,124.72,123.05
2016-11-15,122.39,123.22,124.19,122.19
2016-11-16,122.64,122.33,122.72,121.84
2016-11-17,121.44,122.69,123.36,121.36
2016-11-18,121.03,121.44,122.33,120.98
2016-11-21,121.13,121.09,121.58,120.56
2016-11-22,120.95,121.09,121.72,120.68
2016-11-23,119.85,120.95,121.58,119.32
2016-11-24,119.61,119.88,120.44,119.41
2016-11-25,119.54,119.6,120.16,119.05
2016-11-28,120.88,119.56,121.14,119.55
2016-11-29,120.78,120.78,121.19,119.73
2016-11-30,118.4,120.79,121.15,118.32
2016-12-01,118.73,118.45,119.19,118.02
2016-12-02,119.08,118.72,119.37,118.19
2016-12-05,117.99,119.12,119.81,117.02
2016-12-06,117.38,118.02,118.36,117.05
2016-12-07,117.13,117.33,117.5,116.64
2016-12-08,116.51,117.12,117.43,116.16
2016-12-09,115.49,116.54,116.75,115.49
2016-12-12,115.86,115.58,116.03,114.72
2016-12-13,115.53,115.86,116.18,115.22
2016-12-14,113.61,115.52,115.86,113.23
2016-12-15,113.37,113.57,114.08,112.8
2016-12-16,113.48,113.38,113.98,112.89
2016-12-19,114.31,113.56,114.84,113.43
2016-12-20,113.94,114.3,114.42,113.47
2016-12-21,114.58,113.87,115.02,113.79
2016-12-22,114.45,114.59,114.75,114.11
2016-12-23,114.61,114.48,114.84,114.34
2016-12-26,114.87,114.64,114.96,114.52
2016-12-27,114.52,114.86,114.9,114.28
2016-12-28,114.64,114.52,114.86,114.06
2016-12-29,115.52,114.64,115.94,114.62
2016-12-30,115.25,115.53,116.03,114.77
2017-01-02,114.64,115.08,115.39,114.47
2017-01-03,114.47,114.59,115.0,113.63
2017-01-04,114.61,114.52,114.84,113.92
2017-01-05,115.94,114.61,116.08,114.28
2017-01-06,114.31,115.94,116.23,114.03
2017-01-09,115.19,114.31,115.26,113.87
2017-01-10,115.02,115.17,115.56,114.44
2017-01-11,115.49,114.98,116.67,114.04
2017-01-12,115.86,115.53,116.81,115.19
2017-01-13,116.41,115.86,116.73,115.47
2017-01-16,117.05,116.33,117.48,116.33
2017-01-17,118.54,117.02,118.58,116.96
2017-01-18,116.36,118.55,118.62,116.25
2017-01-19,116.42,116.39,116.89,115.66
2017-01-20,116.99,116.43,117.42,116.16
2017-01-23,118.55,117.25,118.56,117.11
2017-01-24,117.16,118.51,118.69,117.02
2017-01-25,117.94,117.17,118.19,116.95
2017-01-26,116.44,117.9,118.15,116.1
2017-01-27,116.08,116.44,116.65,115.77
2017-01-30,117.29,116.1,117.63,116.04
2017-01-31,118.36,117.27,119.16,117.12
2017-02-01,118.08,118.34,118.53,117.33
2017-02-02,118.37,118.08,119.16,117.93
2017-02-03,118.41,118.38,118.82,117.61
2017-02-06,119.24,118.69,119.37,118.17
2017-02-07,118.59,119.25,119.39,118.36
2017-02-08,119.02,118.62,119.38,118.49
2017-02-09,117.45,119.03,119.25,117.34
2017-02-10,117.61,117.42,118.0,116.9
2017-02-13,117.16,117.51,117.56,116.61
2017-02-14,116.67,117.17,117.73,116.39
2017-02-15,116.77,116.67,117.08,115.94
2017-02-16,117.63,116.81,117.81,116.62
2017-02-17,118.12,117.6,118.41,117.33
2017-02-20,118.07,118.13,118.26,117.93
2017-02-21,117.63,118.07,118.1,117.52
2017-02-22,117.98,117.66,118.41,117.56
2017-02-23,118.58,117.94,118.64,117.78
2017-02-24,118.82,118.55,119.08,118.04
2017-02-27,118.38,118.89,119.17,118.22
2017-02-28,118.25,118.41,119.42,118.14
2017-03-01,117.5,118.22,118.48,117.14
2017-03-02,116.77,117.47,117.55,116.56
2017-03-03,117.38,116.78,117.58,116.62
2017-03-06,117.22,117.36,117.67,117.0
2017-03-07,117.09,117.2,117.36,116.94
2017-03-08,116.74,117.12,117.43,116.32
2017-03-09,116.46,116.72,116.95,116.42
2017-03-10,116.59,116.45,116.69,115.82
2017-03-13,116.26,116.5,116.72,116.22
2017-03-14,116.53,116.27,116.78,116.07
2017-03-15,117.88,116.58,118.11,116.36
2017-03-16,117.8,117.86,118.17,117.5
2017-03-17,118.39,117.81,118.56,117.42
2017-03-20,118.28,118.38,118.55,117.91
2017-03-21,119.22,118.3,119.39,117.97
2017-03-22,119.91,119.2,120.36,119.11
2017-03-23,120.11,119.92,120.46,119.47
2017-03-24,119.69,120.12,120.47,119.56
2017-03-27,120.28,119.85,120.9,119.76
2017-03-28,119.75,120.31,120.83,119.7
2017-03-29,119.89,119.75,120.25,119.64
2017-03-30,118.97,119.91,120.08,118.94
2017-03-31,119.62,118.97,119.8,118.72
2017-04-03,120.14,119.64,120.2,119.39
2017-04-04,120.34,120.14,120.89,120.06
2017-04-05,120.33,120.35,120.6,119.52
2017-04-06,120.34,120.33,120.84,119.97
2017-04-07,119.91,120.33,121.19,119.58
2017-04-10,119.77,119.84,119.97,119.18
2017-04-11,121.17,119.77,121.19,119.73
2017-04-12,121.75,121.16,121.86,120.83
2017-04-13,121.51,121.75,122.03,121.17
2017-04-14,122.02,121.56,122.15,121.37
2017-04-17,121.99,121.99,122.72,121.68
2017-04-18,122.64,122.0,122.78,121.64
2017-04-19,122.14,122.62,122.69,121.78
2017-04-20,121.88,122.12,122.53,121.67
2017-04-21,122.11,121.89,122.34,121.7
2017-04-24,121.35,120.59,121.48,120.4
2017-04-25,119.52,121.33,121.53,119.39
2017-04-26,119.62,119.53,119.84,118.84
2017-04-27,119.67,119.61,119.91,119.25
2017-04-28,119.5,119.66,120.06,119.31
2017-05-01,119.18,119.75,119.86,119.07
2017-05-02,118.87,119.19,119.25,118.52
2017-05-03,118.0,118.89,118.92,117.97
2017-05-04,118.5,117.98,118.66,117.83
2017-05-05,118.25,118.51,119.07,118.15
2017-05-08,117.52,117.97,118.43,117.47
2017-05-09,117.12,117.54,117.8,116.75
2017-05-10,116.88,117.11,117.51,116.79
2017-05-11,117.31,116.87,117.74,116.78
2017-05-12,117.6,117.3,117.76,116.99
2017-05-15,116.92,117.72,117.83,116.84
2017-05-16,117.58,116.95,117.78,116.9
2017-05-17,120.22,117.55,120.26,117.51
2017-05-18,119.79,120.22,121.16,119.51
2017-05-19,119.84,119.8,120.77,119.23
2017-05-22,119.53,119.78,120.25,119.09
2017-05-23,119.0,119.52,120.0,118.91
2017-05-24,119.36,118.97,119.39,118.67
2017-05-25,119.0,119.35,119.38,118.86
2017-05-26,119.4,119.01,119.94,118.89
2017-05-29,119.73,119.42,119.75,119.31
2017-05-30,120.2,119.72,120.4,119.63
2017-05-31,120.27,120.19,120.58,119.78
2017-06-01,119.64,120.26,120.34,119.49
2017-06-02,120.5,119.61,120.58,119.09
2017-06-05,120.28,120.53,120.67,119.97
2017-06-06,121.55,120.27,121.75,120.19
2017-06-07,121.15,121.54,121.95,121.08
2017-06-08,120.89,121.16,121.64,120.47
2017-06-09,120.45,120.88,121.16,119.93
2017-06-12,120.97,120.39,121.31,120.33
2017-06-13,120.77,120.95,121.09,120.53
2017-06-14,121.22,120.76,122.05,120.35
2017-06-15,119.78,121.24,121.56,119.72
2017-06-16,119.94,119.77,120.19,119.34
2017-06-19,119.16,119.97,120.06,119.06
2017-06-20,119.22,119.19,119.38,118.89
2017-06-21,119.58,119.23,119.94,119.17
2017-06-22,119.71,119.58,120.08,119.5
2017-06-23,119.75,119.72,119.92,119.61
2017-06-26,119.16,119.92,119.92,119.06
2017-06-27,118.62,119.14,119.58,118.49
2017-06-28,118.67,118.62,119.19,118.55
2017-06-29,118.8,118.67,119.19,118.01
2017-06-30,118.59,118.81,119.31,118.38
2017-07-03,117.91,118.86,119.08,117.8
2017-07-04,117.97,117.89,118.7,117.78
2017-07-05,117.98,117.94,118.36,117.53
2017-07-06,118.25,117.98,118.47,117.94
2017-07-07,117.67,118.25,118.38,117.39
2017-07-10,117.49,117.61,117.73,117.22
2017-07-11,117.53,117.49,117.76,116.94
2017-07-12,118.15,117.54,118.4,117.5
2017-07-13,117.83,118.14,118.23,117.61
2017-07-14,118.53,117.83,118.81,117.45
2017-07-17,118.33,118.5,118.69,118.08
2017-07-18,118.75,118.33,119.17,118.22
2017-07-19,118.94,118.73,119.41,118.61
2017-07-20,119.16,118.95,119.62,118.6
2017-07-21,119.8,119.14,119.94,118.85
2017-07-24,119.8,119.86,120.33,119.56
2017-07-25,119.1,119.78,120.19,119.0
2017-07-26,119.95,119.11,120.08,118.86
2017-07-27,119.69,119.95,120.25,119.2
2017-07-28,120.42,119.7,120.55,119.59
2017-07-31,120.86,120.44,120.92,120.28
2017-08-01,120.73,120.86,121.2,120.46
2017-08-02,120.33,120.72,120.83,120.05
2017-08-03,121.09,120.33,121.3,120.21
2017-08-04,120.31,121.08,121.31,119.91
2017-08-07,120.28,120.36,120.39,120.08
2017-08-08,120.69,120.28,120.77,120.11
2017-08-09,121.11,120.7,121.72,120.6
2017-08-10,122.09,121.13,122.17,121.01
2017-08-11,122.34,122.11,122.84,122.09
2017-08-14,121.75,122.5,122.53,121.56
2017-08-15,120.72,121.75,121.8,120.53
2017-08-16,121.41,120.75,121.59,120.56
2017-08-17,122.1,121.4,122.24,121.2
2017-08-18,122.37,122.09,123.06,121.92
2017-08-21,122.51,122.19,122.9,122.11
2017-08-22,121.78,122.5,122.62,121.68
2017-08-23,122.52,121.77,122.64,121.5
2017-08-24,121.83,122.5,122.72,121.77
2017-08-25,122.04,121.82,122.32,121.48
2017-08-28,122.1,122.21,122.36,121.91
2017-08-29,121.54,122.1,123.21,121.37
2017-08-30,121.06,121.53,121.77,120.84
2017-08-31,121.33,121.03,121.44,120.56
2017-09-01,121.0,121.33,121.8,120.83
2017-09-04,121.58,121.97,122.08,121.39
2017-09-05,122.57,121.57,122.79,121.47
2017-09-06,122.1,122.59,122.98,121.92
2017-09-07,122.69,122.1,123.14,122.04
2017-09-08,122.44,122.72,123.08,122.08
2017-09-11,120.31,122.01,122.09,120.2
2017-09-12,119.77,120.33,121.0,119.69
2017-09-13,119.5,119.72,120.16,119.27
2017-09-14,120.19,119.49,120.39,119.32
2017-09-15,119.44,120.19,120.94,118.92
2017-09-18,118.81,119.42,119.42,118.69
2017-09-19,118.99,118.8,119.42,118.57
2017-09-20,118.35,118.99,119.41,118.02
2017-09-21,118.08,118.36,118.44,117.81
2017-09-22,118.88,118.09,119.42,118.0
2017-09-25,119.27,118.86,119.56,118.2
2017-09-26,119.18,119.27,119.94,118.93
2017-09-27,119.11,119.2,119.6,118.67
2017-09-28,120.3,119.11,120.41,118.98
2017-09-29,119.75,120.28,120.36,119.36
2017-10-02,120.05,119.7,120.31,119.38
2017-10-03,120.0,120.07,120.35,119.64
2017-10-04,119.52,119.99,120.36,119.32
2017-10-05,119.28,119.53,119.78,119.22
2017-10-06,119.89,119.28,119.94,119.03
2017-10-09,119.97,119.83,120.22,119.77
2017-10-10,120.17,119.95,120.67,119.59
2017-10-11,120.16,120.17,120.61,120.02
2017-10-12,120.27,120.13,120.49,120.06
2017-10-13,120.69,120.3,120.86,120.25
2017-10-16,120.17,120.53,120.81,120.08
2017-10-17,120.37,120.16,120.53,120.03
2017-10-18,119.67,120.36,120.52,119.56
2017-10-19,120.16,119.69,120.42,119.53
2017-10-20,119.09,120.16,120.2,119.03
2017-10-23,119.39,118.92,119.59,118.48
2017-10-24,118.81,119.38,119.56,118.69
2017-10-25,119.37,118.79,119.65,118.73
2017-10-26,119.15,119.36,119.73,119.05
2017-10-27,119.78,119.17,119.83,118.91
2017-10-30,120.03,119.72,120.18,119.37
2017-10-31,119.35,120.0,120.23,119.25
2017-11-01,118.94,119.38,119.55,118.83
2017-11-02,118.78,118.9,119.35,118.63
2017-11-03,118.32,118.79,118.95,117.95
2017-11-06,118.94,118.44,118.97,117.89
2017-11-07,118.53,118.94,118.95,118.17
2017-11-08,118.7,118.53,119.2,118.47
2017-11-09,119.11,118.71,119.51,118.47
2017-11-10,119.19,119.09,119.52,119.03
2017-11-13,119.27,119.2,119.67,118.98
2017-11-14,119.46,119.29,119.63,118.94
2017-11-15,119.92,119.44,120.33,119.34
2017-11-16,119.78,119.92,120.12,119.48
2017-11-17,120.69,119.8,120.85,119.69
2017-11-20,120.18,120.67,120.9,120.07
2017-11-21,120.36,120.18,120.66,120.14
2017-11-22,121.62,120.35,121.71,120.29
2017-11-23,121.5,121.63,121.81,121.33
2017-11-24,121.05,121.51,121.54,120.96
2017-11-27,121.69,121.14,121.95,120.86
2017-11-28,121.17,121.7,121.89,121.0
2017-11-29,120.64,121.14,121.33,120.39
2017-11-30,120.19,120.67,121.06,120.08
2017-12-01,120.65,120.19,121.41,119.83
2017-12-04,120.33,120.2,120.39,119.59
2017-12-05,120.06,120.33,120.34,119.78
2017-12-06,120.56,120.06,120.86,119.98
2017-12-07,119.86,120.59,120.67,119.78
2017-12-08,119.38,119.84,119.84,119.22
2017-12-11,119.34,119.37,119.68,119.1
2017-12-12,119.5,119.32,119.68,119.27
2017-12-13,120.71,119.54,120.79,119.48
2017-12-14,120.81,120.7,121.17,120.27
2017-12-15,120.61,120.8,121.2,120.41
2017-12-18,120.68,120.55,120.93,120.34
2017-12-19,120.27,120.69,120.75,120.06
2017-12-20,119.74,120.27,120.35,119.64
2017-12-21,119.63,119.73,119.94,119.32
2017-12-22,119.72,119.62,119.74,119.47
2017-12-25,119.72,119.69,119.8,119.64
2017-12-26,119.76,119.71,119.88,119.62
2017-12-27,119.63,119.78,119.86,119.61
2017-12-28,120.14,119.61,120.36,119.61
2017-12-29,120.4,120.17,120.64,119.95
2018-01-01,120.44,120.42,120.44,120.39
2018-01-02,120.38,120.42,120.64,120.06
2018-01-03,119.8,120.4,120.54,119.68
2018-01-04,119.06,119.77,119.8,118.94
2018-01-05,118.64,119.08,119.11,118.39
2018-01-08,118.72,118.64,118.95,118.35
2018-01-09,119.28,118.74,119.6,118.63
2018-01-10,120.58,119.28,120.75,119.13
2018-01-11,120.44,120.57,120.71,119.85
2018-01-12,120.26,120.43,120.66,119.54
2018-01-15,120.63,120.21,120.89,120.08
2018-01-16,120.75,120.64,120.99,120.14
2018-01-17,120.04,120.77,121.07,119.97
2018-01-18,120.11,120.03,120.58,119.83
2018-01-19,120.19,120.11,120.5,119.78
2018-01-22,120.33,120.31,120.62,120.0
2018-01-23,120.8,120.36,120.86,119.81
2018-01-24,121.89,120.78,122.19,120.74
2018-01-25,121.45,121.87,122.47,121.11
2018-01-26,122.41,121.45,122.89,121.05
2018-01-29,122.65,122.44,123.02,122.27
2018-01-30,123.49,122.67,123.91,122.53
2018-01-31,122.6,123.49,123.58,122.33
2018-02-01,122.72,122.62,122.94,122.33
2018-02-02,122.17,122.74,122.83,121.75
2018-02-05,123.97,122.19,124.11,121.97
2018-02-06,123.69,123.95,125.47,123.59
2018-02-07,123.97,123.7,124.51,123.49
2018-02-08,125.11,123.99,125.29,123.86
2018-02-09,125.26,125.1,126.14,124.66
2018-02-12,125.7,125.25,125.95,125.06
2018-02-13,126.66,125.69,127.16,125.4
2018-02-14,127.35,126.66,127.71,126.58
2018-02-15,127.76,127.35,128.06,126.91
2018-02-16,127.53,127.75,128.46,127.43
2018-02-19,127.2,127.52,127.75,127.06
2018-02-20,126.82,127.21,127.32,126.77
2018-02-21,126.36,126.81,126.92,125.88
2018-02-22,128.17,126.38,128.37,126.34
2018-02-23,127.87,128.16,128.32,127.61
2018-02-26,127.73,127.81,128.38,127.39
2018-02-27,127.41,127.75,128.07,127.0
2018-02-28,128.85,127.39,128.98,127.15
2018-03-01,129.4,128.82,129.5,128.23
2018-03-02,130.09,129.43,130.72,129.09
2018-03-05,129.59,130.16,130.66,129.56
2018-03-06,129.8,129.61,130.15,129.24
2018-03-07,129.78,129.78,130.62,129.59
2018-03-08,129.79,129.78,130.12,129.6
2018-03-09,129.04,129.76,129.85,128.74
2018-03-12,129.4,129.03,129.53,128.72
2018-03-13,129.02,129.41,129.6,128.14
2018-03-14,129.19,128.98,129.51,128.68
2018-03-15,129.27,129.2,129.98,129.15
2018-03-16,129.73,129.28,130.24,129.22
2018-03-19,129.74,129.74,130.24,129.47
2018-03-20,129.06,129.78,129.99,128.97
2018-03-21,129.77,129.05,129.99,129.02
2018-03-22,130.62,129.78,130.66,129.66
2018-03-23,131.59,130.64,131.75,130.53
2018-03-26,130.35,131.61,131.84,130.25
2018-03-27,130.45,130.33,130.49,129.59
2018-03-28,128.8,130.44,130.58,128.59
2018-03-29,129.33,128.81,129.54,128.72
2018-03-30,129.53,129.34,129.72,129.19
2018-04-02,129.88,129.5,130.18,129.19
2018-04-03,129.12,129.9,130.15,129.06
2018-04-04,128.93,129.12,129.91,128.84
2018-04-05,128.21,128.91,129.0,128.06
2018-04-06,128.81,128.22,129.02,128.14
2018-04-09,128.92,128.82,129.12,128.39
2018-04-10,128.25,128.89,129.09,128.01
2018-04-11,128.83,128.26,129.02,128.19
2018-04-12,128.28,128.84,128.94,128.19
2018-04-13,128.12,128.31,128.47,127.59
2018-04-16,128.59,128.07,128.69,127.78
2018-04-17,128.65,128.58,128.82,128.39
2018-04-18,128.45,128.64,128.65,128.18
2018-04-19,128.34,128.44,128.51,128.1
2018-04-20,128.9,128.37,129.1,128.13
2018-04-23,127.81,128.94,128.99,127.75
2018-04-24,127.61,127.8,127.94,127.16
2018-04-25,127.21,127.62,127.74,127.18
2018-04-26,127.05,127.23,127.46,126.91
2018-04-27,127.38,127.07,127.49,126.81
2018-04-30,127.25,127.38,127.54,127.05
2018-05-01,126.63,127.23,127.36,126.6
2018-05-02,126.95,126.65,127.25,126.58
2018-05-03,127.64,126.93,127.97,126.88
2018-05-04,127.75,127.66,128.31,127.56
2018-05-07,128.33,127.74,128.45,127.63
2018-05-08,128.75,128.33,129.1,128.27
2018-05-09,128.3,128.75,128.9,128.13
2018-05-10,128.71,128.36,128.81,128.01
2018-05-11,127.52,128.65,128.89,127.46
2018-05-14,127.39,127.52,127.98,127.36
2018-05-15,127.2,127.39,127.89,127.08
2018-05-16,127.67,127.2,128.09,127.14
2018-05-17,126.85,127.66,127.81,126.74
2018-05-18,127.78,126.84,127.97,126.59
2018-05-21,127.73,127.84,127.85,127.37
2018-05-22,127.49,127.74,128.0,127.21
2018-05-23,129.06,127.48,129.69,127.44
2018-05-24,129.38,129.06,129.88,128.75
2018-05-25,129.07,129.38,129.62,128.82
2018-05-28,127.86,128.87,129.03,127.62
2018-05-29,128.62,127.86,129.41,127.8
2018-05-30,128.46,128.61,129.44,128.24
2018-05-31,127.69,128.46,128.89,127.47
2018-06-01,126.84,127.69,127.81,126.61
2018-06-04,126.32,126.89,126.96,126.26
2018-06-05,126.41,126.33,126.77,126.1
2018-06-06,125.72,126.39,126.41,125.63
2018-06-07,126.43,125.75,126.68,125.69
2018-06-08,127.16,126.44,127.59,126.26
2018-06-11,126.59,127.25,127.55,126.5
2018-06-12,126.2,126.59,126.66,126.08
2018-06-13,126.25,126.2,126.34,125.67
2018-06-14,125.92,126.25,126.73,125.83
2018-06-15,125.86,125.92,126.2,125.59
2018-06-18,126.0,125.86,126.3,125.78
2018-06-19,126.58,126.02,127.17,125.97
2018-06-20,126.23,126.55,126.79,126.1
2018-06-21,128.22,126.23,128.41,126.12
2018-06-22,128.03,128.19,128.38,127.58
2018-06-25,128.94,128.12,129.44,127.94
2018-06-26,128.81,128.94,129.66,128.62
2018-06-27,128.59,128.81,129.26,128.29
2018-06-28,130.24,128.59,130.75,128.53
2018-06-29,129.47,130.25,130.52,129.17
2018-07-02,129.67,129.43,130.17,128.36
2018-07-03,130.03,129.68,130.49,129.4
2018-07-04,129.91,130.03,130.41,129.62
2018-07-05,130.03,129.91,130.76,129.75
2018-07-06,130.09,130.03,130.34,129.78
2018-07-09,129.23,130.04,130.27,129.16
2018-07-10,129.38,129.22,129.46,128.84
2018-07-11,128.42,129.36,129.83,128.24
2018-07-12,127.75,128.42,128.78,127.68
2018-07-13,127.97,127.75,128.09,127.23
2018-07-16,128.01,127.99,128.2,127.8
2018-07-17,127.3,128.02,128.08,127.24
2018-07-18,127.62,127.31,127.8,127.07
2018-07-19,128.71,127.65,129.15,127.56
2018-07-20,129.97,128.7,130.01,128.53
2018-07-23,130.13,129.87,130.63,129.75
2018-07-24,130.66,130.12,130.94,129.94
2018-07-25,130.3,130.66,130.72,129.98
2018-07-26,130.01,130.29,130.78,129.96
2018-07-27,129.83,129.98,130.53,129.38
2018-07-30,129.74,129.87,130.03,129.47
2018-07-31,128.9,129.75,130.21,128.79
2018-08-01,129.25,128.9,129.65,128.78
2018-08-02,129.64,129.23,130.01,129.2
2018-08-03,130.25,129.62,130.46,129.44
2018-08-06,129.89,130.34,130.4,129.72
2018-08-07,129.64,129.88,130.25,129.52
2018-08-08,130.06,129.65,130.31,129.5
2018-08-09,129.72,130.06,130.34,129.59
2018-08-10,130.47,129.72,131.0,129.62
2018-08-13,131.81,130.48,132.79,130.48
2018-08-14,131.17,131.85,132.12,130.98
2018-08-15,131.84,131.19,132.24,130.84
2018-08-16,131.75,131.84,132.28,131.47
2018-08-17,132.21,131.76,132.45,131.55
2018-08-20,132.55,132.2,132.63,131.71
2018-08-21,132.18,132.55,132.9,131.89
2018-08-22,131.88,132.18,132.51,131.81
2018-08-23,131.46,131.88,132.15,131.44
2018-08-24,131.62,131.46,131.79,131.24
2018-08-27,131.61,131.61,131.76,131.12
2018-08-28,131.5,131.61,131.79,131.13
2018-08-29,131.24,131.51,131.88,131.04
2018-08-30,132.36,131.21,132.4,131.13
2018-08-31,132.63,132.36,133.1,132.25
2018-09-03,133.38,132.59,133.74,132.47
2018-09-04,134.0,133.4,134.37,133.3
2018-09-05,133.91,134.0,134.1,133.63
2018-09-06,134.44,133.91,134.73,133.52
2018-09-07,133.43,134.46,134.91,133.21
2018-09-10,133.69,133.56,134.12,133.41
2018-09-11,133.09,133.69,133.78,133.07
2018-09-12,133.24,133.08,133.58,132.86
2018-09-13,132.59,133.23,133.36,132.48
2018-09-14,132.12,132.59,132.75,131.93
2018-09-17,133.01,132.26,133.38,132.06
2018-09-18,132.21,132.99,133.44,132.16
2018-09-19,132.47,132.21,132.78,132.18
2018-09-20,131.96,132.47,132.54,131.84
2018-09-21,131.63,131.96,132.03,131.06
2018-09-24,131.79,131.69,132.31,131.63
2018-09-25,132.06,131.76,132.33,131.57
2018-09-26,132.22,132.06,132.56,131.72
2018-09-27,131.57,132.2,132.51,131.45
2018-09-28,131.07,131.54,131.64,131.04
2018-10-01,130.88,131.09,131.13,130.66
2018-10-02,132.35,130.87,132.51,130.75
2018-10-03,131.62,132.36,132.92,131.59
2018-10-04,133.16,131.62,133.5,131.59
2018-10-05,133.49,133.18,133.69,132.96
2018-10-08,134.39,133.47,134.88,133.27
2018-10-09,134.83,134.42,134.95,134.35
2018-10-10,135.41,134.82,135.43,134.19
2018-10-11,135.83,135.4,136.28,135.34
2018-10-12,135.51,135.82,136.02,135.01
2018-10-15,136.07,135.69,136.41,135.49
2018-10-16,135.41,136.02,136.09,135.3
2018-10-17,134.54,135.42,135.45,134.49
2018-10-18,135.42,134.51,135.71,134.39
2018-10-19,134.94,135.41,135.5,134.8
2018-10-22,134.59,135.06,135.22,134.5
2018-10-23,135.09,134.58,135.67,134.54
2018-10-24,135.38,135.07,135.59,134.78
2018-10-25,135.1,135.38,135.94,134.79
2018-10-26,135.99,135.13,136.63,135.05
2018-10-29,135.44,135.99,136.2,135.21
2018-10-30,134.6,135.41,135.5,134.6
2018-10-31,134.6,134.57,134.78,134.06
2018-11-01,134.22,134.61,134.86,133.87
2018-11-02,132.08,134.22,134.41,131.95
2018-11-05,132.31,132.1,132.46,132.03
2018-11-06,130.49,132.33,132.35,130.31
2018-11-07,128.43,130.53,131.07,128.33
2018-11-08,127.47,128.43,129.11,127.22
2018-11-09,129.0,127.47,129.22,127.44
2018-11-12,130.15,129.01,130.35,128.88
2018-11-13,130.12,130.13,131.31,129.25
2018-11-14,130.13,130.1,130.51,129.28
2018-11-15,129.16,130.14,130.3,128.93
2018-11-16,129.5,129.16,129.72,128.26
2018-11-19,129.62,129.51,129.79,128.84
2018-11-20,129.38,129.62,129.93,129.29
2018-11-21,129.19,129.38,129.9,129.06
2018-11-22,129.06,129.16,129.25,128.84
2018-11-23,128.73,129.09,129.11,128.42
2018-11-26,127.43,128.72,128.82,127.35
2018-11-27,127.56,127.42,128.0,127.38
2018-11-28,127.78,127.53,128.04,127.39
2018-11-29,126.73,127.78,127.95,126.39
2018-11-30,126.04,126.74,126.88,125.7
2018-12-03,125.28,126.06,126.06,125.22
2018-12-04,126.7,125.29,126.95,125.27
2018-12-05,127.17,126.71,127.75,126.53
2018-12-06,128.87,127.17,129.38,127.14
2018-12-07,128.35,128.88,129.01,128.06
2018-12-10,128.41,128.39,129.39,128.38
2018-12-11,128.78,128.41,129.59,128.38
2018-12-12,128.86,128.74,129.03,128.22
2018-12-13,127.58,128.9,129.0,127.49
2018-12-14,128.63,127.56,128.84,127.49
2018-12-17,129.17,128.71,129.35,128.49
2018-12-18,128.86,129.18,129.38,128.62
2018-12-19,128.4,128.88,129.27,127.32
2018-12-20,130.03,128.37,130.58,128.27
2018-12-21,130.86,130.04,131.21,129.95
2018-12-24,131.78,131.2,132.02,130.9
2018-12-25,131.97,131.76,132.34,131.75
2018-12-26,130.88,131.96,132.38,130.81
2018-12-27,131.16,130.9,131.84,130.84
2018-12-28,132.03,131.21,132.21,131.09
2018-12-31,131.24,131.84,132.03,130.5
2019-01-01,131.06,131.23,131.23,130.96
2019-01-02,132.72,131.12,132.91,131.04
2019-01-03,133.84,132.71,137.65,132.66
2019-01-04,131.49,133.81,134.01,131.4
2019-01-07,129.6,131.47,131.71,129.43
2019-01-08,130.07,129.59,130.44,128.88
2019-01-09,130.59,130.09,130.82,129.54
2019-01-10,129.63,130.56,130.86,129.51
2019-01-11,129.39,129.61,130.07,129.33
2019-01-14,130.58,129.46,130.83,129.35
2019-01-15,129.68,130.6,130.64,129.29
2019-01-16,129.45,129.68,130.64,129.32
2019-01-17,129.81,129.41,130.63,129.38
2019-01-18,129.12,129.78,130.03,128.99
2019-01-21,129.69,129.13,129.94,129.09
2019-01-22,129.97,129.72,130.25,129.53
2019-01-23,129.38,129.96,130.03,128.9
2019-01-24,129.19,129.39,129.55,128.83
2019-01-25,128.56,129.19,129.35,128.09
2019-01-28,128.67,128.61,128.92,128.13
2019-01-29,128.84,128.66,129.12,128.62
2019-01-30,129.59,128.84,129.87,128.75
2019-01-31,128.32,129.56,129.81,128.25
2019-02-01,127.31,128.35,128.49,127.19
2019-02-04,126.99,127.3,127.74,126.67
2019-02-05,126.91,126.97,127.11,126.8
2019-02-06,126.6,126.91,127.25,126.44
2019-02-07,127.24,126.57,127.49,126.5
2019-02-08,127.26,127.26,127.61,127.04
2019-02-11,127.2,127.16,127.81,127.09
2019-02-12,127.33,127.17,127.69,126.89
2019-02-13,126.64,127.33,127.39,126.57
2019-02-14,127.53,126.67,127.56,126.59
2019-02-15,128.04,127.52,128.42,127.43
2019-02-18,127.53,128.06,128.12,127.38
2019-02-19,127.47,127.56,127.86,127.25
2019-02-20,126.65,127.46,127.59,126.59
2019-02-21,127.03,126.64,127.19,126.59
2019-02-22,126.99,127.01,127.22,126.74
2019-02-25,126.21,127.01,127.06,126.0
2019-02-26,126.52,126.22,126.72,125.73
2019-02-27,126.4,126.53,127.26,126.3
2019-02-28,126.28,126.41,127.25,126.14
2019-03-01,126.12,126.26,126.56,125.93
2019-03-04,126.45,126.28,126.57,126.02
2019-03-05,126.19,126.45,126.59,125.9
2019-03-06,126.52,126.2,126.7,126.16
2019-03-07,126.71,126.51,126.84,126.4
2019-03-08,128.73,126.73,129.19,126.64
2019-03-11,128.49,128.78,129.22,128.29
2019-03-12,128.09,128.5,128.53,127.75
2019-03-13,128.32,128.1,128.53,127.95
2019-03-14,127.71,128.33,128.37,127.56
2019-03-15,127.92,127.72,128.26,127.48
2019-03-18,127.78,127.89,127.92,127.42
2019-03-19,127.75,127.81,128.06,127.64
2019-03-20,128.15,127.75,128.34,127.06
2019-03-21,127.6,128.12,128.27,127.23
2019-03-22,128.86,127.6,129.08,127.49
2019-03-25,128.95,128.94,129.64,128.6
2019-03-26,128.08,128.94,128.98,128.01
2019-03-27,128.44,128.09,128.78,128.03
2019-03-28,128.73,128.44,129.5,128.41
2019-03-29,128.46,128.74,128.84,128.34
2019-04-01,127.75,128.51,128.51,127.64
2019-04-02,127.73,127.75,128.0,127.61
2019-04-03,127.55,127.73,127.88,127.43
2019-04-04,126.99,127.55,127.71,126.96
2019-04-05,126.42,127.0,127.08,126.3
2019-04-08,127.04,126.43,127.28,126.33
2019-04-09,127.16,127.06,127.36,126.89
2019-04-10,127.46,127.19,127.66,127.11
2019-04-11,126.58,127.47,127.61,126.55
2019-04-12,125.8,126.55,126.67,125.7
2019-04-15,125.5,125.84,125.92,125.43
2019-04-16,125.75,125.51,125.93,125.46
2019-04-17,125.69,125.75,125.86,125.56
2019-04-18,125.41,125.68,125.8,124.97
2019-04-19,125.47,125.4,125.5,125.35
2019-04-22,125.74,125.5,125.98,125.39
2019-04-23,125.82,125.73,126.13,125.62
2019-04-24,125.64,125.83,126.45,125.38
2019-04-25,127.06,125.64,127.36,125.58
2019-04-26,127.14,127.08,127.33,126.64
2019-04-29,127.19,127.12,127.27,126.89
2019-04-30,127.88,127.17,128.15,127.11
2019-05-01,127.94,127.89,128.32,127.67
2019-05-02,127.78,127.94,128.06,127.36
2019-05-03,128.3,127.78,128.36,127.65
2019-05-06,129.02,128.86,129.65,128.57
2019-05-07,129.51,129.04,129.63,128.81
2019-05-08,129.83,129.5,130.21,129.43
2019-05-09,130.71,129.84,131.12,129.79
2019-05-10,130.29,130.73,131.04,130.15
2019-05-13,131.88,130.49,132.22,130.37
2019-05-14,131.66,131.9,132.09,131.47
2019-05-15,131.94,131.64,132.48,131.54
2019-05-16,131.53,131.93,132.31,131.4
2019-05-17,131.27,131.53,131.97,131.13
2019-05-20,131.33,131.22,131.65,130.97
2019-05-21,131.03,131.34,131.57,130.82
2019-05-22,131.62,131.04,131.76,130.89
2019-05-23,131.92,131.63,132.13,131.02
2019-05-24,131.68,131.94,132.18,131.16
2019-05-27,131.31,131.63,131.69,131.06
2019-05-28,131.43,131.31,131.72,131.09
2019-05-29,131.39,131.41,132.2,131.25
2019-05-30,131.37,131.4,131.53,130.98
2019-05-31,131.84,131.35,132.06,130.79
2019-06-03,132.09,131.72,132.32,131.62
2019-06-04,132.0,132.08,132.36,131.72
2019-06-05,131.6,132.0,132.41,131.57
2019-06-06,131.67,131.6,132.15,131.47
2019-06-07,131.94,131.68,132.32,131.43
2019-06-10,131.41,131.5,131.74,130.93
2019-06-11,131.19,131.38,131.5,130.84
2019-06-12,131.19,131.22,131.72,131.07
2019-06-13,131.75,131.21,131.93,131.16
2019-06-14,131.94,131.76,132.44,131.72
2019-06-17,132.06,132.12,132.21,131.81
2019-06-18,132.06,132.04,132.55,131.79
2019-06-19,132.0,132.08,132.25,131.32
2019-06-20,132.17,131.98,132.59,131.46
2019-06-21,131.91,132.19,132.29,131.37
2019-06-24,131.78,131.81,132.0,131.5
2019-06-25,131.78,131.79,132.22,131.51
2019-06-26,131.51,131.78,132.03,131.43
2019-06-27,131.18,131.5,131.71,130.9
2019-06-28,130.94,131.15,131.49,130.85
2019-07-01,130.13,130.69,130.69,130.03
2019-07-02,131.03,130.15,131.2,130.1
2019-07-03,130.93,131.03,131.75,130.85
2019-07-04,131.16,130.99,131.24,130.88
2019-07-05,129.84,131.13,131.22,129.63
2019-07-08,129.78,129.88,130.62,129.69
2019-07-09,129.81,129.78,129.97,129.57
2019-07-10,130.27,129.79,130.4,129.63
2019-07-11,129.63,130.28,130.74,129.59
2019-07-12,129.81,129.66,130.15,129.11
2019-07-15,128.99,129.81,129.91,128.6
2019-07-16,128.74,129.0,129.16,128.59
2019-07-17,129.51,128.73,129.51,128.61
2019-07-18,130.1,129.53,130.22,129.19
2019-07-19,129.37,130.1,130.21,129.06
2019-07-22,129.27,129.29,129.43,129.07
2019-07-23,129.21,129.29,129.46,129.0
2019-07-24,129.34,129.21,129.68,129.15
2019-07-25,128.66,129.34,129.44,128.53
2019-07-26,128.87,128.69,129.04,128.56
2019-07-29,128.88,128.84,129.25,128.74
2019-07-30,129.09,128.88,129.28,128.69
2019-07-31,128.88,129.09,129.29,128.59
2019-08-01,131.5,128.84,131.62,128.24
2019-08-02,133.03,131.5,133.13,131.22
2019-08-05,134.53,133.06,134.91,132.91
2019-08-06,133.97,134.54,135.41,133.35
2019-08-07,133.83,134.01,134.93,133.64
2019-08-08,133.94,133.78,134.34,133.63
2019-08-09,134.28,133.97,134.82,133.73
2019-08-12,135.29,134.4,135.63,134.22
2019-08-13,134.13,135.29,136.3,133.84
2019-08-14,134.5,134.18,134.82,133.5
2019-08-15,134.44,134.52,135.27,133.7
2019-08-16,133.81,134.41,134.54,133.66
2019-08-19,133.5,133.88,133.99,133.28
2019-08-20,134.24,133.49,134.3,133.41
2019-08-21,133.56,134.25,134.26,133.53
2019-08-22,133.75,133.56,134.03,133.47
2019-08-23,134.84,133.72,135.04,133.15
2019-08-26,134.16,135.21,136.09,133.82
2019-08-27,134.81,134.15,135.01,134.12
2019-08-28,134.32,134.81,134.97,134.19
2019-08-29,133.66,134.31,134.72,133.46
2019-08-30,133.44,133.71,133.88,133.19
2019-09-02,133.63,133.5,133.9,133.38
2019-09-03,134.28,133.66,134.54,133.54
2019-09-04,133.02,134.25,134.39,132.95
2019-09-05,132.31,133.07,133.15,131.97
2019-09-06,131.84,132.34,132.38,131.59
2019-09-09,130.84,131.97,132.01,130.79
2019-09-10,130.65,130.82,131.09,130.53
2019-09-11,130.4,130.65,130.76,130.28
2019-09-12,129.41,130.38,130.46,129.31
2019-09-13,129.21,129.43,129.46,128.5
2019-09-16,129.84,129.74,130.44,129.4
2019-09-17,130.34,129.87,130.51,129.74
2019-09-18,129.63,130.35,130.41,129.62
2019-09-19,130.16,129.63,130.84,129.62
2019-09-20,130.66,130.16,130.72,130.09
2019-09-23,130.97,130.72,131.26,130.43
2019-09-24,131.81,130.93,131.95,130.76
2019-09-25,131.29,131.84,131.94,131.16
2019-09-26,131.47,131.28,131.97,131.24
2019-09-27,131.24,131.5,131.85,130.93
2019-09-30,131.33,131.25,131.6,131.04
2019-10-01,131.9,131.35,132.06,131.03
2019-10-02,132.44,131.89,132.6,131.5
2019-10-03,132.56,132.42,133.1,132.12
2019-10-04,132.18,132.59,132.74,131.94
2019-10-07,132.0,132.19,132.66,131.78
2019-10-08,132.19,131.97,132.53,131.66
2019-10-09,131.84,132.19,132.51,131.66
2019-10-10,131.06,131.86,132.41,131.02
2019-10-11,130.31,131.03,131.21,130.07
2019-10-14,130.43,130.41,130.88,130.18
2019-10-15,130.12,130.44,130.99,130.09
2019-10-16,130.27,130.12,130.67,130.11
2019-10-17,130.19,130.28,130.44,129.87
2019-10-18,130.45,130.19,130.49,129.97
2019-10-21,129.62,130.4,130.6,129.57
2019-10-22,129.41,129.59,129.69,128.81
2019-10-23,129.06,129.44,129.85,129.06
2019-10-24,129.44,129.07,129.57,128.72
2019-10-25,129.16,129.43,129.55,129.03
2019-10-28,128.72,129.18,129.18,128.62
2019-10-29,128.81,128.72,128.99,128.57
2019-10-30,128.88,128.81,129.1,128.34
2019-10-31,129.93,128.88,130.06,128.55
2019-11-01,129.74,129.9,130.38,129.56
2019-11-04,129.09,129.74,129.75,128.99
2019-11-05,127.96,129.06,129.12,127.84
2019-11-06,128.6,128.0,128.82,127.94
2019-11-07,128.06,128.59,129.28,127.81
2019-11-08,128.25,128.06,128.51,127.92
2019-11-11,128.96,128.37,129.19,128.28
2019-11-12,128.93,128.94,129.04,128.51
2019-11-13,129.4,128.94,129.6,128.88
2019-11-14,129.91,129.38,130.13,129.38
2019-11-15,129.4,129.93,129.97,129.28
2019-11-18,129.53,129.33,129.73,129.06
2019-11-19,129.81,129.51,129.93,129.44
2019-11-20,129.77,129.82,130.12,129.61
2019-11-21,129.66,129.81,130.34,129.59
2019-11-22,129.63,129.64,129.93,129.53
2019-11-25,129.23,129.58,129.65,129.15
2019-11-26,129.16,129.22,129.47,128.94
2019-11-27,128.66,129.17,129.21,128.58
2019-11-28,128.66,128.68,128.93,128.62
2019-11-29,128.79,128.65,128.94,128.56
2019-12-02,129.59,128.78,129.68,128.59
2019-12-03,129.84,129.63,130.03,129.26
2019-12-04,129.56,129.85,130.28,129.44
2019-12-05,129.32,129.56,129.64,129.03
2019-12-06,129.25,129.3,129.41,128.81
2019-12-09,129.1,129.18,129.36,128.94
2019-12-10,128.88,129.09,129.15,128.81
2019-12-11,129.29,128.85,129.39,128.67
2019-12-12,128.31,129.29,129.46,128.15
2019-12-13,127.86,128.31,128.38,127.39
2019-12-16,127.89,127.88,128.19,127.69
2019-12-17,127.78,127.86,128.0,127.58
2019-12-18,127.58,127.75,128.03,127.47
2019-12-19,127.86,127.56,128.08,127.4
2019-12-20,127.72,127.89,128.16,127.61
2019-12-23,127.68,127.77,127.92,127.57
2019-12-24,127.68,127.66,127.75,127.61
2019-12-25,127.72,127.69,127.8,127.19
2019-12-26,127.28,127.71,127.76,127.22
2019-12-27,127.48,127.34,127.56,127.28
2019-12-30,127.89,127.42,128.04,127.39
2019-12-31,127.8,127.89,128.52,127.51
2020-01-01,127.71,127.79,127.81,127.65
2020-01-02,127.94,127.69,128.35,127.58
2020-01-03,128.82,127.94,129.16,127.86
2020-01-06,128.62,128.94,129.41,128.47
2020-01-07,127.98,128.64,128.71,127.72
2020-01-08,127.3,128.0,129.25,127.17
2020-01-09,126.46,127.27,127.42,126.38
2020-01-10,125.72,126.48,126.58,125.42
2020-01-13,124.32,125.67,125.71,124.31
2020-01-14,124.28,124.33,124.6,123.78
2020-01-15,124.34,124.29,124.91,124.22
2020-01-16,123.73,124.34,124.47,123.7
2020-01-17,123.81,123.78,124.02,123.61
2020-01-20,123.72,123.8,123.98,123.69
2020-01-21,124.31,123.73,124.44,123.67
2020-01-22,124.22,124.28,124.56,123.85
2020-01-23,124.48,124.22,124.73,124.06
2020-01-24,124.2,124.5,124.61,123.77
2020-01-27,124.94,124.43,125.04,124.42
2020-01-28,124.94,124.95,125.39,124.88
2020-01-29,125.02,124.95,125.14,124.72
2020-01-30,125.22,124.98,125.67,124.92
2020-01-31,125.97,125.22,126.06,125.03
2020-02-03,126.44,125.94,126.76,125.77
2020-02-04,125.17,126.47,126.81,125.16
2020-02-05,124.53,125.17,125.67,124.48
2020-02-06,123.82,124.5,124.63,123.61
2020-02-07,124.62,123.83,124.85,123.79
2020-02-10,124.75,124.5,125.09,124.5
2020-02-11,124.47,124.76,124.8,124.26
2020-02-12,124.08,124.47,124.53,124.03
2020-02-13,124.57,124.05,124.98,124.05
2020-02-14,124.59,124.58,124.95,124.44
2020-02-17,124.25,124.55,124.69,124.12
2020-02-18,124.37,124.26,124.87,124.25
2020-02-19,122.91,124.41,124.77,122.66
2020-02-20,122.25,122.91,123.77,122.14
2020-02-21,123.36,122.24,123.48,122.16
2020-02-24,125.27,123.36,125.72,123.16
2020-02-25,125.97,125.34,126.34,125.04
2020-02-26,126.17,125.92,126.58,125.7
2020-02-27,128.06,126.16,128.09,126.11
2020-02-28,132.74,128.1,133.46,127.98
2020-03-02,131.69,133.57,134.09,131.28
2020-03-03,133.3,131.71,133.55,131.1
2020-03-04,131.25,133.31,133.66,131.01
2020-03-05,133.47,131.28,133.7,131.04
2020-03-06,135.12,133.47,135.54,133.24
2020-03-09,140.62,135.62,142.24,135.6
2020-03-10,135.79,140.56,141.07,135.43
2020-03-11,137.28,135.85,138.04,135.81
2020-03-12,138.77,137.25,140.3,136.87
2020-03-13,136.85,138.94,141.47,136.12
2020-03-16,140.99,136.78,141.94,136.78
2020-03-17,140.88,140.84,142.72,139.78
2020-03-18,140.41,141.28,142.54,140.05
2020-03-19,143.73,140.82,146.43,139.67
2020-03-20,143.71,143.73,148.13,142.79
2020-03-23,149.04,143.43,151.14,143.13
2020-03-24,148.35,149.04,150.12,147.68
2020-03-25,148.37,148.36,148.99,147.72
2020-03-26,148.77,148.38,149.34,146.27
2020-03-27,149.57,148.77,150.21,147.59
2020-03-30,151.52,149.59,152.45,149.48
2020-03-31,151.65,151.59,151.79,149.99
2020-04-01,153.49,151.65,153.87,151.33
2020-04-02,152.66,153.49,154.54,152.4
2020-04-03,151.43,152.66,153.16,151.12
2020-04-06,150.26,151.47,151.9,150.14
2020-04-07,148.76,150.25,151.23,148.18
2020-04-08,148.63,148.78,150.06,148.25
2020-04-09,145.84,148.63,149.12,145.17
2020-04-10,145.88,145.76,146.04,145.66
2020-04-13,145.02,145.76,146.64,144.6
2020-04-14,145.78,145.02,146.14,144.99
2020-04-15,144.81,145.78,146.63,144.3
2020-04-16,144.88,144.81,146.32,144.25
2020-04-17,143.5,144.88,145.29,142.76
2020-04-20,143.21,143.34,144.05,142.82
2020-04-21,143.4,143.21,145.1,142.97
2020-04-22,143.4,143.35,144.98,143.13
2020-04-23,143.13,143.37,144.85,142.54
2020-04-24,143.24,143.15,144.27,142.9
2020-04-27,143.47,143.27,144.62,143.07
2020-04-28,144.3,143.48,144.82,143.12
2020-04-29,143.32,144.3,144.86,143.24
2020-04-30,138.77,143.32,143.53,138.36
2020-05-01,139.13,138.77,139.54,138.49
2020-05-04,141.46,139.24,141.88,139.05
2020-05-05,141.46,141.42,142.18,140.87
2020-05-06,141.73,141.52,142.3,141.23
2020-05-07,141.55,141.79,141.95,141.04
2020-05-08,139.88,141.55,141.82,139.76
2020-05-11,138.34,139.92,140.05,138.2
2020-05-12,139.11,138.32,139.55,138.29
2020-05-13,138.88,139.16,139.27,138.49
2020-05-14,138.78,138.88,140.03,138.57
2020-05-15,138.83,138.78,139.19,138.38
2020-05-18,138.37,138.77,139.02,138.12
2020-05-19,137.13,138.34,138.4,136.65
2020-05-20,136.8,137.13,137.29,136.37
2020-05-21,136.68,136.85,136.87,136.38
2020-05-22,136.68,136.71,137.07,136.49
2020-05-25,136.57,136.73,136.76,136.48
2020-05-26,137.2,136.57,137.38,136.29
2020-05-27,136.55,137.21,137.52,136.26
2020-05-28,136.67,136.55,137.07,136.32
2020-05-29,135.51,136.7,137.31,135.4
2020-06-01,135.79,135.61,136.07,135.45
2020-06-02,132.64,135.79,136.07,132.51
2020-06-03,129.43,132.63,132.96,129.32
2020-06-04,129.15,129.43,130.16,129.07
2020-06-05,126.57,129.15,129.34,126.25
2020-06-08,128.05,126.45,128.29,126.37
2020-06-09,128.93,128.04,130.02,127.92
2020-06-10,130.52,128.93,130.97,128.75
2020-06-11,131.15,130.49,131.51,129.84
2020-06-12,131.57,131.13,133.1,131.12
2020-06-15,131.52,131.6,131.85,130.85
2020-06-16,131.27,131.51,131.71,130.71
2020-06-17,131.6,131.26,131.74,130.79
2020-06-18,131.67,131.6,132.1,131.05
2020-06-19,131.91,131.67,132.94,131.36
2020-06-22,132.71,131.9,132.84,131.8
2020-06-23,132.93,132.68,133.49,132.16
2020-06-24,132.01,132.93,133.15,131.96
2020-06-25,132.23,132.01,132.61,131.38
2020-06-26,132.62,132.18,133.26,131.51
2020-06-29,132.43,132.65,133.35,132.02
2020-06-30,132.07,132.43,132.99,131.47
2020-07-01,132.73,132.07,133.15,131.79
2020-07-02,133.76,132.74,133.96,132.71
2020-07-03,134.96,133.76,135.88,133.66
2020-07-06,134.96,134.97,135.43,134.13
2020-07-07,134.3,134.99,135.13,133.73
2020-07-08,134.35,134.3,134.52,133.54
2020-07-09,134.27,134.29,134.59,133.57
2020-07-10,135.03,134.27,135.68,134.2
2020-07-13,134.45,135.03,135.79,134.13
2020-07-14,134.74,134.45,134.86,133.79
2020-07-15,136.43,134.76,136.77,134.65
2020-07-16,136.34,136.41,137.33,135.85
2020-07-17,137.33,136.35,137.49,135.77
2020-07-20,137.85,137.2,138.48,136.66
2020-07-21,138.0,137.85,138.17,137.29
2020-07-22,136.72,138.04,138.07,136.54
2020-07-23,136.43,136.71,136.92,135.63
2020-07-24,137.65,136.43,138.26,136.15
2020-07-27,137.79,137.86,138.49,137.01
2020-07-28,138.3,137.8,138.49,137.12
2020-07-29,138.54,138.31,139.4,137.51
2020-07-30,139.4,138.54,139.47,137.53
2020-07-31,137.91,139.44,140.15,137.65
2020-08-03,138.08,137.88,138.57,137.17
2020-08-04,138.29,138.08,138.52,137.1
2020-08-05,137.8,138.29,138.62,137.41
2020-08-06,138.18,137.82,138.57,137.02
2020-08-07,138.07,138.23,139.09,137.69
2020-08-10,137.68,138.03,138.99,137.84
2020-08-11,137.28,138.16,138.74,137.29
2020-08-12,137.33,137.82,138.43,137.16
2020-08-13,137.46,138.09,138.79,137.92
2020-08-14,138.06,138.21,139.04,138.03
2020-08-17,138.84,138.76,139.65,138.71
2020-08-18,140.68,139.57,141.13,139.37
2020-08-19,139.17,140.8,141.24,139.15
2020-08-20,139.58,139.2,139.69,139.05
2020-08-21,139.59,139.63,140.1,139.24
2020-08-24,138.4,139.53,139.92,138.39
2020-08-25,137.58,138.43,138.52,137.4
2020-08-26,138.4,137.68,138.49,136.9
2020-08-27,137.46,138.43,138.95,137.38
2020-08-28,138.7,137.57,139.02,137.21
2020-08-31,137.46,138.82,138.9,137.26
2020-09-01,137.44,137.48,138.43,137.25
2020-09-02,138.81,137.49,139.8,137.27
2020-09-03,138.97,138.87,139.65,138.65
2020-09-04,138.72,139.17,139.43,138.45
2020-09-07,138.6,138.77,138.97,138.36
2020-09-08,139.19,138.67,139.48,138.46
2020-09-09,139.17,139.26,140.34,139.1
2020-09-10,139.63,139.21,140.33,139.02
2020-09-11,139.94,139.98,141.05,139.86
2020-09-14,140.53,140.26,141.06,139.95
2020-09-15,140.71,140.74,140.99,140.08
2020-09-16,141.24,140.79,141.57,140.46
2020-09-17,141.48,141.35,141.99,140.71
2020-09-18,140.82,141.59,141.68,140.34
2020-09-21,140.36,141.08,141.35,140.21
2020-09-22,140.57,140.47,141.76,140.32
2020-09-23,140.23,140.9,141.51,140.22
2020-09-24,140.8,140.55,141.67,140.46
2020-09-25,140.54,141.25,141.95,140.66
2020-09-28,140.73,140.93,141.88,140.68
2020-09-29,140.48,141.23,141.58,140.79
2020-09-30,140.74,141.01,141.41,140.54
2020-10-01,140.42,141.09,141.18,140.27
2020-10-02,140.8,140.6,141.83,140.35
2020-10-05,139.86,141.13,141.15,139.88
2020-10-06,139.23,139.97,140.14,138.18
2020-10-07,138.6,139.49,139.81,138.62
2020-10-08,138.47,138.82,139.01,138.57
2020-10-09,138.94,138.74,139.24,138.51
2020-10-12,139.37,139.07,139.74,138.83
2020-10-13,139.16,139.55,140.18,139.29
2020-10-14,139.57,139.49,140.1,139.42
2020-10-15,139.0,139.91,140.12,139.24
2020-10-16,139.13,139.3,140.2,139.29
2020-10-19,139.12,139.48,139.88,139.14
2020-10-20,138.84,139.38,139.51,138.57
2020-10-21,139.67,138.91,140.24,138.68
2020-10-22,139.63,139.91,140.54,139.59
2020-10-23,139.9,139.82,140.61,139.68
2020-10-26,139.55,139.96,140.1,139.43
2020-10-27,139.97,139.74,140.24,139.49
2020-10-28,140.15,140.07,140.48,139.87
2020-10-29,139.72,140.2,140.59,139.63
2020-10-30,139.68,139.77,140.46,139.62
2020-11-02,139.63,139.85,140.63,139.48
2020-11-03,139.43,139.82,139.82,139.16
2020-11-04,139.07,139.6,139.85,138.04
2020-11-05,138.81,139.3,139.76,137.68
2020-11-06,137.26,138.96,139.0,137.01
2020-11-09,133.33,137.5,137.7,133.1
2020-11-10,133.3,133.45,134.15,133.18
2020-11-11,133.44,133.43,133.99,133.26
2020-11-12,134.49,133.6,134.99,133.52
2020-11-13,135.21,134.77,135.63,134.69
2020-11-16,134.81,135.1,135.57,134.2
2020-11-17,134.62,134.92,135.17,134.2
2020-11-18,135.29,134.87,135.75,134.85
2020-11-19,136.29,135.53,136.73,135.25
2020-11-20,136.24,136.45,136.85,136.23
2020-11-23,135.12,136.43,136.6,135.21
2020-11-24,135.36,135.32,135.96,135.1
2020-11-25,135.24,135.54,135.69,135.23
2020-11-26,135.1,135.36,135.57,135.11
2020-11-27,135.12,135.23,135.9,135.15
2020-11-30,135.09,135.4,136.12,135.19
2020-12-01,135.12,135.36,135.91,135.1
2020-12-02,134.91,135.45,135.63,134.83
2020-12-03,135.76,135.27,136.4,135.07
2020-12-04,135.21,136.17,136.43,135.29
2020-12-07,135.31,135.45,135.89,135.2
2020-12-08,135.15,135.53,136.01,135.38
2020-12-09,135.07,135.46,135.61,135.13
2020-12-10,135.18,135.37,135.49,134.86
2020-12-11,135.24,135.35,135.79,135.17
2020-12-14,135.21,135.38,136.21,135.24
2020-12-15,135.89,135.47,136.34,135.35
2020-12-16,136.12,136.21,136.9,135.92
2020-12-17,136.58,136.48,137.1,136.39
2020-12-18,136.25,136.77,136.9,136.2
2020-12-21,136.46,136.49,137.12,136.01
2020-12-22,136.46,136.77,137.5,136.56
2020-12-23,136.61,137.05,137.9,136.68
2020-12-24,136.5,137.1,137.2,136.85
2020-12-25,136.7,137.01,137.34,136.95
2020-12-28,136.21,137.15,137.3,136.24
2020-12-29,136.21,136.34,136.59,136.18
2020-12-30,136.05,136.41,136.76,135.92
2020-12-31,136.13,136.24,136.41,135.99
2021-01-01,137.19,137.06,137.7,137.06
